values_1,values_2,values_3
3.996714153011233,6.298710873172004,0.12410862512809206
3.361735698828815,5.349267365825538,2.7774066464224108
4.1476885381006925,3.6192607398403482,-0.4620996049998065
5.023029856408026,2.206126444588852,1.9601923518047986
3.265846625276664,4.89644662722718,-5.968073334768928
3.2658630430508193,4.286970770843499,4.566468536864693
5.0792128155073915,5.290386440055465,3.506027376811121
4.2674347291529084,4.770343603363939,-0.5854431553409531
3.030525614065048,5.59910543063867,6.796228342162025
4.042560043585965,2.4295295768788643,8.18785068813279
3.0365823071875377,6.134788131268651,-4.5377993218448704
3.034270246429743,3.895199209384799,-0.31362389283107106
3.741962271566034,7.650521745250531,-0.34571174893649115
1.586719755342202,2.1216243638208643,-1.1995155055443236
1.7750821674869672,6.971927606330499,7.647374209658742
2.937712470759027,3.895821566925296,2.5308693061359824
2.4871688796655764,2.1971639927711033,2.1774257934469463
3.814247332595274,2.532228331891357,-6.519311822033767
2.591975924478789,2.8593053836113596,6.677090151046132
2.0876962986647083,4.348331892803833,-2.6962919742673623
4.965648768921554,4.5456709760709995,3.7996631513316412
3.274223699513464,2.352599992122842,4.886884689790959
3.5675282046879238,3.451290815478034,10.303292979193255
2.075251813786543,7.784540717223727,-3.04410199559556
2.9556172754748173,6.955086340201422,-11.597560779104127
3.6109225897098662,4.372647339348064,4.419247723768474
2.3490064225776974,3.5760069563364008,12.502555907554267
3.875698018345672,3.7400626534365227,9.694731764697186
2.8993613100811952,4.727035945460833,4.548297076373129
3.208306250206723,1.4544148696031889,1.0418190718397633
2.898293387770603,2.9852469251533096,7.535612983186551
5.352278184508938,0.1628318522448211,-1.367730998522343
3.486502775262066,4.298446245210559,5.881788846781096
2.4422890710440996,4.794391879405482,6.027350795833135
4.322544912103189,2.533627075401252,8.8010495374944
2.2791563500289778,6.647973526580065,17.298300194555388
3.7088635950047553,1.0484686739953175,5.462079835893835
1.5403298761202244,0.5712502395803596,0.9551818714625062
2.1718139511015693,3.948903637119944,3.372128439040028
3.6968612358691235,5.594196605224309,-5.34537952444559
4.238466579995411,6.867855382915737,0.026434344554709277
3.6713682811899706,2.58223147426212,1.45358780943448
3.3843517176117595,5.657361666862592,0.8795580103270373
3.1988963044107113,3.4229830609985856,4.26177436016861
2.0214780096325726,3.154745400118361,-0.6120996619110031
2.7801557916052912,5.267319874973345,9.105153336622358
3.0393612290402126,4.804645756826839,3.5010353245909855
4.557122226218915,0.3472156860315012,3.4534983943069277
3.8436182895684614,6.4530806994517915,1.8605264174354108
1.736959844637266,6.260182708294903,4.275953419294896
3.824083969394795,2.248874596980941,7.625491323338173
3.1149177195836835,4.291607066874818,-0.8356510785545019
2.8230779996940414,4.488060372565478,0.20941755462371692
4.111676288840868,4.021347531647814,1.9813698561166766
4.530999522495951,2.3993896923091595,-3.2293546173660745
4.431280119116199,2.156753264123897,-0.5962892986074886
2.6607824767773613,3.4488918580171095,1.118895632276705
3.1907876241487854,5.845458038518729,7.871945903563637
3.831263431403564,4.587200309188865,4.8128066450096245
4.475545127122359,2.758771335827788,4.467949556837722
3.02082576215471,5.04339742129669,7.7544898108398606
3.314341023336183,-2.197085241260151,2.8131410580030165
2.393665025993972,5.797531400744207,5.452324249644448
2.303793375919329,0.020572442443800742,2.983891235337519
4.312525822394198,2.7751181171937356,4.826811746998143
4.856240028570823,1.2606602107477123,0.5862067119420895
3.427989878419666,0.9106370485581885,-8.694085791382145
4.503532897892024,5.821653574757039,2.8286041890684794
3.861636025047634,2.5645975973762174,10.613740680499701
2.8548802453948756,4.193007763461432,8.131077011207962
3.861395605508414,3.406158842241632,8.326987422955852
5.038036566465969,4.454081654446243,9.68065360903109
3.4641739608900486,3.6536437821205108,3.9432879548071873
5.064643655814006,0.9340155516228608,4.486578537027978
0.8802548959102556,5.49253363889428,0.41174052282824913
4.321902504375224,2.512486833677375,1.9196357198647511
3.587047068238171,0.3868362026804979,6.578855748855708
3.2009926495341325,2.6437696780681748,9.519422185844082
3.5917607765355024,6.501519581268622,2.8027686215950025
1.5124310853991072,5.2004434842269855,1.249053675742942
3.280328112162488,2.8026957311842815,3.5026397942829863
3.8571125715117462,2.8014845913631423,6.506033744645574
4.977894044741516,2.8567298975652347,-3.7192740806677094
2.9817297817263526,7.653495967121682,-7.980904765686191
2.6915063971068123,4.263870904463107,0.7473157525420824
2.9982429564154636,4.3600832943821395,-2.6035621295707934
4.415402117702074,5.560566908063684,0.9592990117634455
3.8287511096596845,3.977578318053027,2.761098405912642
2.970239796232961,2.981915708358594,1.2337579548849331
4.013267433113356,3.1073003018300436,10.762337672353727
3.5970775493480405,3.356797481171872,5.1337238230116
4.468644990532889,3.425555526980317,5.002371798054142
2.7979469061226476,4.9552590872739595,6.61103572021701
3.1723378534022317,3.603891771614599,-2.1941655889038456
3.1078918468678425,4.965280154431158,8.695558937101342
2.0364850518678814,3.3385668397828354,3.1211785673227004
3.796120277064576,3.6572703806321814,6.8524030862060625
3.761055272179889,-0.4964013690642153,-1.8592861652007775
3.505113456642461,5.332655349404963,-4.268793830080321
3.265412866624853,4.192976951795986,7.589448290125143
2.0846292579495858,5.496020219719305,5.382047630487583
3.079354677234641,-2.2925107563873786,-1.0102577717875523
3.1572854834732307,7.676749409561455,-0.8483154063734721
2.697722730778381,3.2208207436896523,9.127173922073847
3.338714288333991,5.716365633475033,-2.4470594643366397
3.9040508568145382,1.4201881457489383,11.713364766279817
5.38618590121053,4.725547810125139,-1.0031036732393437
3.674577812831839,1.3931688736526877,6.691959628041915
3.7575503907227645,2.2524620786083895,1.8569076212550768
3.425554084233833,7.328062707733572,6.515937155411716
1.5812287847009585,3.118635198473307,0.7794299894290369
3.4734861245507833,3.9348657463594456,2.686035469638529
3.5602302099410266,5.240135461377508,3.7045958769786056
5.963242112485286,4.491363775945209,-1.5109372789073632
3.3076390352188776,3.800837810287153,7.204121727100629
3.8015473423336124,4.229922004932451,0.933932167642074
3.4652882302947567,8.30683117047655,2.3570004232999073
2.3313219623804677,3.3847624059328294,-1.4717468730425614
4.6428228145150205,3.902198093429935,-9.311668293976552
4.251933032686774,5.6013087920152245,2.544861186999155
4.291031947043047,5.711051865915968,15.56307710806458
2.590612545205261,5.87406061112076,7.423021439490119
4.902794310936099,4.777460444058369,3.4036981013280267
2.098148937207719,1.213990174539033,2.1855458539586614
4.08685709380027,6.766863064602192,3.612329464060232
5.690455625809978,1.207309213962624,6.23559557587605
2.5094636748693118,4.105270930478066,-2.4040640765442243
2.933702270397228,1.9914482999612841,9.07160847334436
3.599651365087641,3.371723306814015,7.07690657720622
2.9965243458838007,4.157524820606961,7.090928628539673
1.9493365689338673,4.142714430900546,5.692378694048637
3.5685629748060275,4.34384150847057,3.5980832884699496
2.437696286273895,6.727422538117294,6.8643061798341
3.9735924306351817,4.40706860302796,6.45907066870689
2.5805757657661967,3.0116867294187024,1.729796445294881
5.04993440501754,5.428174336576714,0.631991135515495
2.716746707663763,5.878940977849281,4.009281476309933
3.1779384837943243,1.044784369726015,11.245100757475937
4.31351721736967,4.694800139699716,-2.695535378269504
2.269135683566045,4.902345484621796,-3.8376263287622
3.7274599346041293,2.904872993280016,4.323804206182584
4.807142754282428,6.251413626623239,3.7544385092800905
1.8925167654387725,3.1998888259349467,4.366708321852041
3.684633858532304,3.7511529069430845,4.719765989542501
3.7598827942484236,3.153856351432261,2.3839887268259745
4.28182287177731,3.531158095162935,10.949317193010412
2.263049289121918,1.3074498262095964,-4.504519892382579
2.1795433869157237,0.6198982348114113,-0.6424851239012304
4.021941565616897,6.689010126449944,2.983726199254763
3.7969846732331862,1.8060773033633444,-4.715944055770837
3.7504928503458768,1.5172153010873857,2.6207279778396444
3.846448209496976,-0.8067802272074296,11.807350828640091
2.8199752784215093,2.2220765046209956,3.604432441479809
3.7322536971610036,0.8538204131850033,4.653504528593418
3.793072473298681,6.784030320272738,-2.800823825862901
2.785648581973632,5.519634178685268,0.41819295980261284
5.365774511144757,2.1236993096445524,1.624018098380315
3.9738329209117875,8.004871610688618,1.9114245162188297
2.3086965027973516,5.463530973983189,9.908218975018844
4.15655360863383,2.850337232982755,6.288455303625623
2.5253183297726784,-1.4988114297471462,-2.0572897846851603
4.287084603742452,8.081885145181484,4.732523892160025
4.658595579007404,0.720855066472808,5.9911087424839256
2.6793176816482895,0.20920250608621638,9.200745192606332
4.463376129244322,5.545140864019281,11.402703432841868
3.9127809269364984,8.379504812678546,-1.5754709591393432
4.32206015999449,6.268545637021036,-0.5542875560516913
5.396792982653947,4.62781824010472,-2.7878892945730813
3.2546118839971294,4.689508683330572,2.3299007044650932
2.7462638356425106,5.206831117560616,5.831791872231673
2.6104855703744767,5.0178571795735305,8.436672582945508
2.6841897150345617,4.062382847938752,3.1202448817873862
3.422898290585896,3.708402207903752,1.9007623837257803
3.841151974816644,3.374813744200955,4.258789961243702
3.776690799330019,1.9920708222666474,-0.675714508150115
4.327183249036024,2.938649846266452,13.947693608473866
3.513001891877907,0.11408637160922908,-4.538305135590294
4.953534077157316,3.3033207464105003,4.423702894478622
3.235343166762044,1.522817785698165,13.618031096148197
6.220169166589619,1.2928213655684582,3.533999222799989
4.125667347765006,3.859788302306957,2.5498048249925276
2.6428424435837172,6.284004572689199,1.7127728859478641
2.429107501938888,5.336633212004626,2.598041591187961
3.982472415243185,0.358998792753646,10.364242373382652
3.276537214674149,1.520743726859325,-7.559309556647534
4.214000494092092,5.381542375976432,11.167168506481627
3.973237624573545,1.5350252129233808,-3.619785762250725
3.4271710873431274,3.0507337000059507,2.166738353827926
2.653206281931595,4.600104198049104,1.3537778985066908
1.9851527753141354,1.5633110902727294,6.442766348853599
3.0534850479329787,3.7107510122919196,-4.490621759418738
4.356398794323472,0.8319490101635911,5.810863330409714
3.7140937441302038,2.2972647120975727,13.621548116434262
2.254261221288012,4.139563868285074,-3.3158700229640523
3.673180925851182,0.3140125329366614,4.448530838051978
3.885317379728837,4.380949475920798,0.1900891110169547
2.616142563798867,3.4607244021466377,5.629436030965179
3.653725105945528,4.604979908834295,3.59573888707876
3.558208718446,3.9478282681293226,0.29256545477845197
2.3570297021693767,6.228280859947688,5.93936142435537
3.8577873603482833,3.7504490052958146,12.521740548933716
4.060784526368234,2.641188917749494,2.5454810413635065
4.583051243175277,3.7445950060645674,7.09878971074091
4.553802052034903,4.586596058072776,-2.9663647893558185
2.122330632042909,3.5977201406514085,-1.2821818840900434
2.562174960084877,3.581183382407765,5.862031389401887
4.01503526720866,2.0960166243864893,10.920580142679825
4.013785950912209,2.1741981648981037,5.278066743928299
4.015047686306048,0.694789456400613,1.9347098473842284
7.352731490654721,6.999153486373879,3.4964570271167705
4.070890510693167,1.0122735292174299,-2.752038669848588
4.635565640180599,2.1141896044081854,6.522576631776834
4.454001763493203,2.0631854688616054,7.911665311617046
4.151391251305798,5.289848753888883,1.239548335834598
3.1847307553596544,2.9101006434159444,1.1497892612024927
4.258969220493268,5.995484145347468,4.8293911482602425
2.727174785462428,2.153018751512263,1.3164013197970226
3.263181393259991,4.057988324447604,3.169336926870888
3.0146364521708966,1.8293058934804853,13.998608945832578
3.5818741393863225,7.790298255546777,2.2648714962700165
5.814658566673509,1.1248031619409744,1.708299239893889
1.632734807408252,4.119641420454055,0.26229097182420436
4.186260190374513,4.767553761864197,7.220959857499684
1.8872841288103483,4.327598194902997,2.593879133909485
3.0280681342105664,3.1294246822445833,0.25313480839287017
4.588950596967366,3.2403586005331477,10.106520161365061
3.5642800190954627,3.5876229439582192,10.598015022568186
2.422255222070694,3.205995996743023,0.4978821713064745
2.784696290740032,5.427758233589819,-5.8326997568030805
4.179597748934675,7.921046003182703,8.537568449184612
2.7696333682828636,2.385016429984333,0.07685087119998002
3.716458589581975,0.7603940408418444,7.453127995813843
3.545571839903814,3.3234359032974905,-6.350519088559178
2.848399652394183,8.659418675308636,7.962986691496546
5.643944089325325,1.8926508640605384,-2.5558596464039063
4.133919022318011,6.778233610888135,7.153820595332622
1.4748574133423928,6.855401628152881,3.5713653391821705
3.6864543147694278,2.392823516584011,-1.269697096983224
2.838213535231612,4.637966158370551,1.4648184353660976
4.352433334796224,6.756793246257076,6.931592284783504
2.7074792615672996,2.7417445180250257,4.029472265576171
3.385263558533101,3.0928392797952764,6.422064902362421
4.004987278980457,2.3366381721027123,13.382202922577427
4.365755194170122,1.4704865386142663,-4.321208058555257
2.2997035929442236,2.201444909867986,11.586062874843119
3.1654987641590515,1.052119466475487,4.021779687616065
3.025054688839044,3.5681669365184523,-0.9939202416156405
2.8466707674262883,1.9600535378827164,-3.151568128694949
5.265454240281096,3.9675718235814954,2.554398046114833
3.9049817109609557,0.3882087075927454,8.108250559622297
2.2391160456649546,4.161760464428914,2.862254398112329
4.417861947054776,5.1670579232178495,11.055774651236737
5.622156197012633,-0.4874712851429108,-3.7558784502577947
4.532465260551147,4.248113139695144,3.439555260769727
1.9806300340459866,5.955337984946585,-2.7619672220655955
3.0157659271337485,1.0807179626175891,5.318159413124839
4.7669111491866225,6.845144773675407,7.934436950486502
2.792330534381219,4.338038018732091,1.396191031594734
3.943819428146228,2.0899762884831823,-9.52106928313567
4.274634053429336,3.388461844684588,4.494740733982472
2.573069528421917,4.616653825043445,5.683692758667547
3.4404746439382,3.652010782824823,5.521473774808488
0.2587326599309274,4.577511984892738,9.67891095911077
2.4756123586657104,1.6586528138412675,-1.8552683982452445
3.2474318486068396,3.838721648072156,6.9010805272522475
2.2522168180351505,0.6725710061900396,9.462537562389874
5.132411303931635,3.277547877302599,-5.392937920032583
2.0698586220393675,1.6921847170704205,5.0982591295948865
3.059955513303016,2.028940114820467,0.9791008449616427
3.6307405772860912,5.972186350420875,3.0923866344917705
4.941273289066116,5.682620241188538,5.238382417691682
2.0641378488205606,4.718276241814354,1.0638571794322385
4.66316375215496,1.315374470654842,0.12145960419194113
3.510233061019587,2.8671831006103963,3.670762087440123
2.518491348952049,5.926195399958367,-1.9362296943140134
3.962103474263271,3.7834338272798096,-1.9291256444259268
3.69905969557347,8.13865907996339,6.896866414782517
2.8997831228412054,4.286635678788744,-2.2439701757932804
3.5698020849900187,3.884098232980063,6.83156250454606
3.11468640313824,2.8817670715949975,5.812956464269756
3.613517345251248,3.767081809564565,-5.129033643952983
4.1621306745210465,3.195060327238912,0.11217673832172448
5.086016816145352,4.916217353377181,9.470547015236862
2.262184501173151,5.413404633589169,-1.405827655698408
5.633033374656266,1.928021078984101,1.1779786884530616
1.5479122004774981,0.8375340928844439,5.810304466259483
3.3482149049644168,-0.17241074620659314,7.416952546412977
4.088317206484577,4.515982653825088,2.2423055697775216
3.7809918677350325,1.2932667876522528,0.512449026541792
2.8773004801794064,-0.8057811859049657,10.611849308492538
3.2918777496427247,4.2771572090619285,12.194498318987895
3.006999065341167,8.485999034865582,8.394290253908977
2.9106352430557885,3.4878581769202133,3.9265907128251203
4.349602097021025,5.176981548903283,-0.5413286082046316
3.8570154859650474,3.66365871709513,-0.6522220327828263
2.8070904047393457,3.3022206936177145,6.1125705263287875
4.399599875433251,5.338152965975537,5.5919911044434185
3.8072995208766094,2.919450911622697,10.507992964732146
4.31286211883896,4.034784628143806,6.752250462680696
4.129628841923612,4.143395612392027,-4.01540150879909
2.671004989077928,2.1638190927139025,8.759738088614593
2.9398189598030307,5.484084699073046,-1.4903031365720647
4.247293605123262,3.1500804866091827,1.580143640238242
4.110370265433465,1.9885096810143106,4.751001031258472
3.479098406035852,4.573019687140807,13.478337448919822
3.617327383308782,1.7030640364179255,19.049592780026806
4.7776648957884245,3.5563623147382564,6.533615295680914
2.90842861116417,3.481762006711593,2.5840169063980607
4.047097381170038,5.671791131663156,6.172528242402752
3.297807347566106,4.449396465759905,7.9382771293691805
3.28231879677278,3.449946082509712,1.8966618722140416
4.59877685198719,5.135532598400574,12.476056779561612
4.32541634898803,6.280415098034627,4.6503537959570105
4.313509636000639,4.615620612703724,5.988715445456972
4.805478807154329,3.520705239686761,6.829621260272306
3.521003841632759,0.8763275352996809,5.607933053072278
4.1819529712949635,1.3697726738492548,7.694702502348061
3.189733243406544,2.8895505912906647,0.4137340672653842
3.824166352488442,2.2809755956814337,0.7084912302698472
3.3698569456323155,3.126057394029108,-2.0007711648584747
3.5969959649927183,3.613299849794214,5.697506153101132
4.095157025436913,4.559385508713461,7.39468251756057
2.6817793167665274,3.359002443881818,5.788864330759429
5.592387275685461,4.4730032876524035,11.872462166737687
2.493982618500298,3.6289488296202403,3.472019905854767
2.285811387212268,-0.4509331327077426,6.843708277962563
4.658110873500068,1.6213292123624914,-1.9585043806965716
4.291662693962936,3.211824888556769,1.564501487627995
4.124119817052155,1.0806105143177849,6.977688787828887
4.12834550926428,4.699857459992409,7.74551055371572
3.4877532271530853,6.561501664687395,2.030165261679089
2.6027456285141684,5.937523703394634,3.142003740709666
3.5758045581937266,3.073114258139584,-4.089368733404047
2.822838288487888,6.4814522736999045,1.714853995966953
4.475119733417751,3.797334914404223,7.951915817598931
3.3529426184978615,2.825828057763921,6.376025080532831
2.6745028032074885,2.2731946729181205,6.003328606906049
3.1786141583470067,2.895060627023743,3.7488684359048006
3.912931454275624,2.7236463629175427,3.535315793140882
2.9362754471960253,3.8408324447509754,0.19839430263276459
2.6777796044335687,3.821147962099729,6.994142101012674
3.7436872114919124,3.5060920403068287,5.604864721946949
3.7449665711087228,4.3738763394927,5.960094239963997
2.9930568246288702,5.881292549572683,0.8698257866620982
3.0289616943816773,5.399108270882648,-7.266714599356222
3.7320499373576363,0.530204063100193,8.985763558768479
2.0519156585026757,-1.6078422698039097,1.1058127199579793
2.0925362256234448,5.368639822478547,-0.8138788202156029
2.781555778747564,0.7662426031691578,6.967394559569969
3.286552848288153,3.050469196214633,1.539936800404352
3.8109075655980047,1.159773947881281,8.799681920233109
4.975356216949552,-0.10396087516003938,6.585029747883487
4.35765962320202,4.582925456409576,6.917846616002388
3.3400614700365727,5.018310320605294,-3.3297785560026716
3.480983792097311,2.346979198546561,9.559719926932003
2.497470635362191,-1.6820845842898198,4.80625265616928
3.48148686400761,2.4075111034950343,1.6536143037689843
3.2113413610798616,4.283608010805093,4.216942336711256
3.8227185603380893,0.5421768624517425,-5.381176164491599
2.672769056447677,3.866719839558311,5.543264057403354
4.019346514241172,3.469380301654009,-1.646857540910358
5.032738913002578,4.658582999202177,-3.263351429217672
3.3912398515431423,3.7391607368283064,-4.111795931089455
3.9017117220989412,1.553862118236889,9.063441874949627
4.190143991711112,5.893143003328983,0.3536830315360566
3.098779528114164,3.18294085394606,11.168638549582496
3.7240924818104166,3.4453909209801363,0.8209926847385107
3.512592400781795,1.633464081853608,-5.036789787964734
3.5976760985488316,2.6134354976169796,-2.0826221997432954
2.7269902161445336,1.7303945719461982,9.679058100034693
3.5245101742589426,3.154107880153154,2.7205091103166623
3.99799829124545,6.923416960284687,0.7585635175469951
4.951143607795042,0.7561977141372873,4.300091129263938
4.4592708260852065,0.27287720424651773,6.0089136808377255
5.653182457511557,6.442340654987217,9.086994079512305
2.7326524371119505,3.081352645696268,10.742496149464632
4.372320636720678,2.1618545226801666,1.7011567710545714
3.6833420057383517,5.579809374792153,-3.1302384304101913
5.689802933217672,2.288768920526272,1.4326741943836199
2.6917017146448483,7.152019427093872,4.80140253291443
2.660278157819224,4.855851742678539,-1.3187946310530547
2.900607354555978,2.524177183708595,-1.2857545744752148
1.3761042756901931,7.814616426531007,5.218939407749427
2.974244978319239,2.288570153993323,3.2567382421477444
2.740867338446302,4.984190744018614,3.6639849770579325
3.6503937864762075,4.098585160812984,-0.29247667350034723
3.8417559757771595,6.103482578797596,2.3479964289711637
5.376170839215886,6.623022393453706,-1.121165721341522
4.45042383818605,3.564008298131533,7.950992055623934
2.923096344337597,1.993164259307633,8.676246673618763
2.601585328651642,4.419944285878233,-5.730939311190468
3.9919191715065057,2.1445692604957878,-1.1475543009620504
2.1797667929793576,7.526774495053246,-3.9826462754503957
5.331458765854354,3.773070662165475,0.24988032796550907
4.679440120721287,2.7693568973757827,3.0828101510481956
3.030824347895295,3.869360611729817,-3.7482260984926503
1.7868654709091225,0.805747420940607,-1.1092990656265656
4.853872374165412,1.556771922978697,-1.5197868604074927
3.385460154747382,5.900827815888851,4.5363366469947195
4.737816311973462,2.1862114420572087,3.8467216851812522
1.905572341205633,1.4061780346361208,-0.10868776668626667
2.900624977046227,4.573305505054572,4.38410436069699
3.505243699718183,5.871408309325994,0.7665995770636731
3.546980593764742,4.937906621330134,2.1417244483697337
3.0499345285207564,5.492095371611633,11.867260451492685
4.122849932347499,1.9864098228610785,10.20230525895174
2.432379570617406,0.6563786665163125,-2.997906184637988
3.3576205149787066,6.5026673039109735,7.648662089395873
3.620295631711899,2.8546403223157286,7.55698277245796
4.014438834058749,2.998333967089905,-2.2413164437630915
4.21161487808889,6.156388283698115,7.593888218774303
2.3753579081621305,4.61246001880132,11.189659592062764
1.9658858292643777,4.411775544163215,-2.1127240312220694
4.777676821898509,7.830004689802168,-1.0875141050713184
3.8323140119795918,2.212963539239714,8.588307334217513
2.7515134634434464,5.355680256162474,4.85747655412824
5.051151975522523,3.614026249794169,6.257381376197616
3.6156746342928585,4.037184557726514,5.202946082002484
4.679297184063826,6.556936852825063,5.453479604640721
3.567518481410109,4.515671512579248,-3.1323606415554153
5.560747924881987,4.576592158099266,8.736588533107241
5.255340842443204,5.645014674619604,9.347949962138868
3.2510358515209266,2.7700945409142292,2.3530462796598615
4.471570950954355,1.8215806653219873,3.2826152509306876
4.145375949585148,1.4103816119579329,-4.1555375127786105
4.868631557532349,-0.43271317875200355,6.071273780089174
2.5350765394198955,7.612414259880644,6.36028720857072
4.186051459998439,1.2935832685566337,3.189044915003445
4.558424486849588,3.057492752828456,9.121766799352514
1.7412605135768857,2.946373400222159,1.8296138451002975
2.316741487334225,4.114813395618201,6.323029629468001
1.4607678222398994,5.1314744250785935,-1.5983216934605782
3.230593165555442,5.220946976719491,3.3822392456288095
4.217542255795962,2.3338451228621233,2.628228710485821
5.002357052096028,3.165756572427177,4.626539610204707
3.574094780419775,4.0651599009765995,1.652365355833207
5.128615545571292,3.0026177476329057,2.8426370216416608
2.1198985417851084,6.714691152039985,7.6302358572075315
1.7966175606448453,4.481949903276503,1.3161788138089126
3.4444523011033814,4.9697555720996345,-4.532885503693397
3.884065448939307,4.825762537334826,12.247919521027104
3.467305251905907,5.84694771497065,10.407270393452432
1.4325578999601234,3.862043117407414,-2.961313475528093
3.4108799604872115,0.9063361040883069,6.948539026225972
2.195530499495147,4.299375903505283,0.9851261472432844
4.169672548830039,2.197286212416342,4.817436076655298
3.8665982460968484,2.4427666365004863,4.971120645067469
2.560120213672645,4.672728037510186,2.3279609984183898
2.9861330826633066,5.976566142867272,-0.41882832793198244
2.4407864781110487,3.5425431534721232,0.04729473841870302
3.437320902726828,4.117666025197927,-1.0809595774062126
4.455142320501238,6.904429889270476,-0.6591110411522241
2.514273953664456,3.9815063589771365,3.1641085497532235
4.004046515517844,8.703366228360789,-0.07879994555375891
2.969742381627559,4.6310192912630885,6.9102603285630995
2.7071271677376556,-0.021525518311635405,10.936230776679636
3.3929696400454423,5.006683242209065,0.599733793149785
2.464757677580626,4.2623167697655555,4.6970225026768855
2.9463506946528177,6.079505508165491,5.99842555151467
2.3021221074111518,4.846362702539917,5.860011354596372
5.4647251329163895,3.2230880320324524,3.879776339580437
3.535263551971729,1.0514035274212685,7.213412091798611
2.8002744920074143,3.0819534854279493,5.911244763403285
3.713979910734222,1.7989590915813998,-2.688312111636489
3.38767195030917,2.3389531003905546,7.845780321946366
3.279030400466777,4.677156808841219,7.936454186333711
4.114166700043425,6.8398090087028125,-0.3164305208929079
4.257507710047305,4.2893430596459625,3.68968917723801
2.9694988523894725,1.1082338759296313,6.916644964055347
2.92418175935532,4.389205336440281,2.453430902103192
3.224948302848356,5.893262973291302,8.864890238830059
1.1980788352644152,2.280434191361236,15.319362473096804
1.9848089378014477,3.2319656666541645,-0.4299301631749115
4.8668742674445244,3.529376389458394,-3.4052230157688745
5.144967713501284,1.93020337383552,5.0190929780243785
3.2509639604436216,4.7965608676877185,7.107812525630718
4.076556963055767,3.258103702784437,2.345668130776155
3.811250154543536,4.339064887814056,10.766303316605171
6.578880808455238,1.7250156443957998,-3.193028998616244
4.619574911434577,2.625083399353179,6.964593115158055
3.3720824085192334,4.944762715655543,0.470695896205533
2.5444595593995745,2.754333695816466,12.096889531036483
1.8935536797424275,6.95392770246681,13.462576765840591
3.703463635867223,2.700727628770795,-0.33328293891673955
2.7436492547156965,3.949369451503772,0.7522143204570995
2.0777462904023256,5.3651816637461796,7.79793943489901
2.8534271157574733,0.6632685341339366,1.564346751052427
2.4184519963856053,-0.021617623961551757,3.272943910338809
5.187141635072565,0.4486873708598105,3.626942102712051
4.3816397569494505,6.025168206854364,-6.098365780988281
3.4920273586833828,2.3962837082151065,3.4308112695288138
4.979944138890026,8.616398571336504,0.051361129679130535
3.5773683076476184,2.371504802685223,1.03438588800114
2.6387157986717362,3.869102606394074,10.71816001734407
5.0231240772696575,6.584219905135751,-2.782534471396282
4.038910043684659,7.512185776318246,7.566025933739886
2.462753845673544,7.623007153272796,2.1051853483409575
3.309661321916392,5.916732461186285,2.1011991575208278
2.624381746615243,5.548125051622925,7.451859480258557
2.117200269035664,4.685053898402366,5.200256472844452
4.426177547531641,5.0567221523332755,6.353064986097655
5.4094166404701305,2.397628567342933,8.340923302664304
2.1014324261808586,1.8636022331553856,1.8434580840833863
4.062969236690571,3.493251085178096,0.43881632746124843
2.849357430878173,3.1596307549501432,-1.9257526327889902
3.0128746162353037,2.5935439013454498,-0.6270526498947753
2.907606075761131,4.892774894913431,18.245472126543625
2.636009230320184,5.410610417141021,9.723397903683933
3.548521627944827,3.676813772583695,-3.2553718310401063
2.6690498835889622,6.455060162110524,-3.1122897837178503
3.770456825779839,1.21662177173299,5.909330308592457
3.449761890550863,3.112681081440564,6.236323986889834
3.2610519531335904,2.0663553587943904,6.244419176586822
2.592436337958402,-0.2330732341461199,2.2252210322315107
2.9232286694316674,3.3346386283146017,2.872728699985499
4.255391225825756,3.256504983233433,5.139397620796787
4.000917187624381,6.526899486484262,3.929465031466652
2.522444755201449,4.7616233691095555,-7.596501863737675
3.599332305429226,1.4516263513415901,2.351001847124031
4.251387123371789,7.208185132668376,-0.7570321713015682
1.8305947188786282,5.942067391050706,4.37605709454256
4.043360192379935,4.664195406937232,18.42629501301705
2.8373762410541534,3.047031802300336,5.337408327371522
4.070598668593159,1.5811215265530405,1.9323515691380104
2.736740843457483,2.755586447857894,8.109007509886261
1.695117899335481,5.677497239408372,5.913439436046064
1.8724575621168373,7.269172611869218,5.600472452259206
3.548084946661382,6.586487056544378,6.5342529660783555
3.7597225017214817,2.522301156427452,13.782717824147706
2.595683374895591,1.2607651334219776,-2.154442176629578
4.138592458777374,3.781772493822408,5.868160384057273
1.8384799377310401,-0.03687873112570328,-1.1319056499076918
3.4339202013526835,4.146335428369563,6.277563231711241
2.2889838002375433,3.2047948274026625,-1.0934325574304715
2.848163892197841,2.5679269962635156,1.4131659319745782
3.547398671316414,0.3105938654664091,2.0245504288104685
2.6395866347160477,4.527200213139433,8.379083596723545
3.1154444557701746,2.4345983206761774,8.092272219712068
4.5062928092144405,1.160166328579424,-2.728586882231922
2.923108130476851,-2.2445244265632986,3.7746705549992434
4.335692112065142,3.4449701898987275,-0.047899273745863
2.370293145342382,7.044503193339488,-2.7925245533766727
4.029804177915283,6.82251842909574,2.414914747878148
4.9415686206579,2.5858074868274565,1.9575860577209014
1.0283554998727107,2.2955758792764387,15.633582431727612
2.703104744529523,4.437548512150047,5.664799126803481
4.07707212718054,1.503229121623417,-3.388087503771186
3.2969546139570074,4.1035837996389315,0.6761299791452888
3.871145873371309,5.03216055676938,8.606916477146992
2.8960148132841796,5.953866447768615,13.942213864349625
3.5865897874729,3.299691847040094,-4.429916561189792
3.3443227646079206,3.0926524996460683,-5.899621925695225
4.667782061659807,1.744034826486878,12.85482587685891
3.754420843301213,1.84623929192028,5.448070886854519
3.837602662075202,3.0470422161969464,-0.8414636593818319
3.0881230338775327,4.234731013632356,6.173145430612177
3.0123937759275066,5.327169252466499,-9.67873869508439
3.067441812180379,1.8936420986393103,3.516877532985805
3.894452142378297,6.485377137919043,5.139105864215426
3.079015519179737,2.9577527979148623,8.121350697689149
3.789774856896413,3.4572654113031276,-1.5694797614626887
5.575400798645439,2.0055766417043532,3.928435807016795
4.3711247034316925,-1.3484805205458832,-1.127123130297937
3.173976467832159,5.2680907927220995,4.776918778371585
4.701213922163944,4.973687794184867,-0.9767316118151204
3.0919246269784484,2.937344885763573,1.4594958041988968
1.4618754648221461,3.6339814344497436,-1.4790769739511456
2.4919136890825957,4.531878435408199,6.755681209118285
1.6292080789741443,0.37490828622691463,7.7922555832833265
3.1484865159586914,2.4418946453074106,2.3268971502129308
3.518418379189552,5.088529359243655,3.6911899748001415
5.176437312275283,0.9914211536615012,-3.7429570731677204
3.8269273737641627,4.087115864333258,2.0016167599660646
3.2808994711911357,0.7868363907531899,3.248976914791276
4.329405581183489,4.432859964867053,16.603965455149876
1.2888646909921149,3.428717035405033,-2.0598351288708177
3.735614558108566,0.26973636818898106,10.820886193762188
4.270865193886967,5.829478708914342,8.48429386732904
2.0214137542201582,2.0308168464039014,4.903182022450682
4.643754043206929,1.879495125971238,12.293102420975668
3.8384964074944143,3.901138394461886,5.360527363034315
3.0847120860991986,5.79727469885743,5.4457959783396435
4.132781866106285,1.468356362043206,3.2343967349122735
5.770692857804396,3.623359699695943,9.617844412093138
3.681866255058495,4.357633000661146,8.982346169054418
3.748220586300336,4.886211214526288,0.37161356251893807
3.0406391004597557,3.8528831105544503,-3.0962359729938367
2.6501556305352083,2.7659443218333553,2.4850968130217144
4.330335816544245,1.8448195587025606,-0.5001928219882323
2.6439161740911326,3.6722877660927495,3.1823771269232246
3.5715662372193924,1.3557219760287862,9.687190673420696
3.0223425532348833,-2.3427009669892147,1.2134917245660501
3.978979825746392,4.373119608315336,3.2858830934421257
3.8336621052869484,5.307869682172391,3.7901136740419763
4.537539944257899,-1.2258648710836768,7.742154411026423
2.989983601145253,1.480538590580125,-7.734446669923026
3.2301250647066286,4.738308522010396,0.4664985261735164
2.5212362842176925,7.614990939423397,4.556418461397364
3.055706739923888,3.541587415350816,9.500394782134306
3.877300493044852,2.043994117541731,1.0404877624689743
4.256988616645351,3.1342071177903197,-5.88276353020937
2.5778346758223747,6.24975283829637,6.598557229830681
4.36960592010566,2.208071641750929,0.3231880558718534
4.8556378588049505,1.9016159866994928,-2.448333295451807
3.913434903223701,2.534512955635935,0.37827305143387946
5.376795812558066,1.5933427834825753,2.577373211720752
2.726210800896427,3.745340631989591,0.4762766773089364
2.255345296688583,6.749356916939121,-7.527830285495346
1.7212797510957214,4.1461585462320585,7.985330984435661
4.996044311489183,2.995292995747425,9.874375206393612
4.154365656354058,2.916377462168912,6.757609956697529
3.4444153290895447,0.3736183826066859,-2.188428352124083
3.7799686263198202,5.266219554294318,2.49254233026241
2.3745109527016233,3.344325605974396,3.4673934238527098
5.945751979616826,3.1390401728187487,6.493971947809551
3.6292211819752276,9.88621513568972,6.841702443590404
3.609394794604893,4.097505816731372,-0.170868993892479
4.225766623898692,1.9964178998096314,3.909977782067802
3.981009231736713,2.6472848075889135,5.786402023076206
3.7238840242791316,5.79689141839351,10.779111610733832
2.709525544554688,3.726540821075529,7.022532699123616
3.9714683571359957,0.6234440433652666,7.445283436877594
5.382024496475034,5.338457869150407,3.9191331396468048
4.8454200461549775,2.163711828922012,10.552295726017519
5.0931866266393975,7.246595552435091,5.548813979797487
2.9887843235688147,5.660096131429297,-0.8054395508678525
2.510395179741419,2.6053562086824975,10.516849850625952
3.374213079900352,6.062032723470226,6.989516362695138
3.5557249122886945,3.6357110210548065,1.2847798943575883
4.594191518470948,5.205547350244439,1.1025351630037834
1.8075353702851806,4.46946563458895,4.982877725703808
5.029550319460614,1.807286690018253,5.815923976337924
3.3419921014210106,2.212900335365076,4.486461328156032
3.07311893005258,5.559921635162322,5.056543367214425
2.4878956247398323,2.830449335786918,11.999786872881902
1.8451433281342307,2.6927030735160065,8.857715761174429
4.323170583961915,1.589754841301294,4.4531779563251215
3.573317967188404,4.347198131186922,8.206552903837416
2.210039100258946,7.62504983848629,-1.6626195176376974
2.204921227936384,1.3649341714914542,5.489635249734045
3.1642153007098717,3.548438913345516,12.54653174866555
5.169021525289393,6.3244411108308585,2.409770523038131
3.240408648636395,3.3407172175085695,-0.7381696430954241
1.9968570468818938,4.404743592499468,0.23955555703469678
3.254256935914056,1.3752129437062406,-1.9481651867119414
3.2272764302523296,4.356614194415297,-0.42380954063851695
0.8031133570584283,3.1257114699909025,1.647459507049855
3.4457051334821878,5.471459991359726,-3.5278350958932103
3.269065469791322,5.874772103129502,3.5780916697480154
4.196206364813419,8.679127284037229,8.011385868933235
5.348956094945345,4.6592663464271515,-1.0387809007346016
4.626565029547757,4.1515926331643325,11.096419618208845
3.2311113094451693,3.888768603154672,6.053960442637973
2.3934740912583297,2.793667414378623,8.652902928120287
6.07335980324986,4.1769676869233825,0.21082723073931486
3.5592184340144883,2.909197179721941,7.772626135333079
3.5139292919129463,3.8369219525392286,-1.959669501976565
3.4758749128899966,6.13519507121592,7.951237504182544
3.698084760767855,1.4869148694407177,4.359196698967656
3.3556395880760577,5.779757122258091,6.266256099923918
2.9263379931197635,6.134230134679731,-2.3779730281242584
2.953141058759608,3.2638629460178423,-0.9753492113830236
3.4672467297840015,-0.7437097980171892,6.486141091266924
2.9565752288662352,2.2843560258111353,-1.2417400211210037
2.7871542173228354,6.093989093122218,5.816031460495616
3.606430227691897,3.4542638754022357,-3.3356890323012287
3.2450227825791447,1.5013955354101785,7.740871063333341
5.003992988582689,2.490450157543565,-2.662616573842545
0.849030191606988,5.181240053009106,6.261499688397616
4.591506851922462,4.593467136402759,6.628154668230004
4.746085192497629,3.0221358016606112,0.01614090785212552
1.4266097675918505,2.766351176370625,6.410132835423634
3.1573124059196513,2.716483701912356,4.80221131666778
3.1285591340042087,1.655179631002995,0.8057907190363087
2.0924883052821786,6.7307513789388835,-1.5427734203810406
2.7221833124091246,2.85535906157732,-6.313128458362895
2.3894241545341712,5.934317041650993,5.2482502364984684
5.2522704434236225,6.542632103844903,-4.324013856810276
4.4356783931474615,5.496621796295921,3.976720997206541
4.7715550949941585,2.636759374563903,2.1827589195887542
4.2216720640432355,4.307460180673219,6.895713877190977
2.370948228782771,3.4516087872181678,1.989772502550679
2.9754797337202263,1.6925962785397437,1.852761068264543
3.989374561227918,4.1487185634432056,7.159353521441478
2.2778721911080546,1.141920417680395,5.175290145420588
4.212998430172388,5.875358776923127,5.080779785913892
3.2596746018418647,2.570765405403214,5.846337949042631
3.1251791924504024,3.9023193117456785,-4.177860616035529
4.2109599682034915,4.066575743092284,7.28394339993491
3.94426331148604,2.982190052591845,6.562343970068012
3.1390338341809203,4.67338760295055,-1.5834156428824864
4.659329803364248,2.550192686754951,2.2795976316289934
2.4189366724001027,5.242594594914488,3.303463561861844
4.115935606944264,0.808040639506503,2.827516077991336
4.093101257968383,3.7527591590928235,5.169299832842674
3.19045356068601,7.3778579981165695,10.656833909155917
3.826133022242118,1.4993373507888506,8.908833638364143
2.248886423614697,2.144510058950297,-3.0610959671570317
4.424027019206901,4.52781569931783,6.610349951530243
3.315097863557011,3.859163563879196,10.144666597677048
2.9772769794809606,4.201260198547119,5.434042603446013
4.5490092258368895,4.478374260295327,8.954902125929834
2.795656309457241,4.769442937123539,13.561352228503825
2.0915387036364406,5.719399683912446,8.618547730534907
1.9433708264760963,4.319637313857025,4.746542978208645
4.10600995134564,3.017484690762915,8.725442370423767
2.219570647503717,4.845147402405463,4.224439165484456
5.254794181984365,7.299763869790431,3.6195152164247775
1.418070592116278,3.234732507234853,1.7429288214313372
5.196456368290038,1.550941390658717,11.31706679416054
3.7110174672026184,5.714161338573946,-0.5921433297100069
3.4032868881296077,3.2592376720928034,11.16183862339058
2.9550809131910505,-0.8453390920280723,5.999320618701857
3.899136114352071,5.194843354300843,-3.496530874009707
3.4623652975751518,2.4293436280921545,5.338246464957107
4.603301882016521,3.3189334353916786,-7.00013253825812
3.6142276486620397,4.163960661138029,6.627540084155179
3.650301761461878,3.8809993595581327,7.926157414944955
3.136387787786144,4.918903634278079,0.5382202217397323
3.4430543762789325,2.6290272588603134,4.117738479777912
3.8078017688920593,4.526211596352166,13.270787168751431
1.7898316073433744,2.9809066448321655,0.9712664786903167
2.151814577894287,4.977620961775006,-1.7945379352830022
4.243264094022715,4.730734968026107,10.908317012312994
3.670865438127942,1.6291225959108093,13.312935952653973
3.316016663647321,5.6719642323500645,3.5184783592392366
3.5184339330653933,2.428073109771904,8.557315177041781
3.847581705361671,5.11611559656229,10.207379577654406
2.9602403196906386,4.234574626802681,-0.21242116269192035
2.7216952745976872,7.176367353590245,1.0734708231606582
3.6958452550976815,3.0530680352562958,9.654372565773674
2.521627222384968,2.801366407763605,11.925071393542547
3.908252755714472,3.461160788224535,6.314404300871773
1.7974163957621596,2.893640434331449,-0.8990717675102715
4.529155637325644,5.0998838038841,13.435305558497205
3.9725974824130432,0.26737878312682417,0.8451455109401778
3.7560297343138758,1.3926351617072918,1.8243110941427412
4.482690983945514,1.3643941568416138,5.211689172448107
5.165474444462577,5.400615183947151,11.270802103573871
4.514370065018131,6.9212267451638505,7.769879882761119
1.6591257686683547,3.291101562925057,5.574327501809552
2.2204230332642982,3.1623565536199787,5.816442650590531
2.8751814223043213,3.640104326226363,3.7175733432173304
3.526091050210834,5.823756605216381,6.290697572592531
4.017659020469123,1.6452937316188518,-9.147800388471515
2.7742561868465345,3.97673796546957,2.016962704651008
3.6867667644770785,5.45039525956486,4.7066096745839054
2.7446170676466775,4.502188339879691,-2.255070418097535
2.888482197008052,3.879163233197487,5.4316165890578
2.0933389031517775,5.502092185134282,2.4776438950693924
2.5767667538890957,-1.9064645859984743,12.27737849157745
2.1483153943836664,4.8557506390618155,11.365098626074282
2.524126747022667,2.1918486337451526,1.1709721544091858
4.55364179660784,-0.16126579371291383,2.7458114421665236
2.550601111168057,4.522405199049961,3.1302621719580372
6.13238206483739,6.247317090325915,1.2417026192018863
3.9933179008808892,3.2251029707446164,4.475124920140634
3.6848361236948737,5.405749094405878,-0.291410344437951
2.6416422198187863,6.724556515977291,-2.1530766746876315
4.200309879408992,6.129828907168095,6.613556119501343
2.9243621737622263,6.779929058742786,6.647647921109054
3.6220098146453616,4.984254982143785,-0.521578798299962
6.060084538268795,3.6508672778031857,7.976777153812998
3.40394010027535,0.29606837620566306,0.34211135417334315
4.649273326285676,3.0078750237401026,4.765826190189906
2.7968235748741126,1.8135068093676165,7.60172006306228
3.4650115095030385,7.8418854349956275,3.3319371764814347
5.27080063563551,3.148228375135327,5.7737045607056725
2.8730329422122325,3.7464096135689715,0.9178517805621413
5.3124485579969285,4.602970752080935,2.5176670828595142
4.207751935455476,3.5872048927449076,2.4707028455982982
2.9375332241057324,6.8901020808615066,-0.23289173270119434
4.132407739055521,2.254701276531096,2.6161291844210894
4.47255444962673,3.8892149104744855,-4.243091494318733
4.121809962217196,2.0150588286039035,1.0442312642894764
1.9297752801095436,0.8599549775585884,2.0756225331516456
2.7728628241751316,2.2764618181894294,2.219101237523099
3.2524813644484953,3.425926405903176,2.292512770646106
3.425566570899954,2.64139555096548,3.1911790006993552
4.120672097550678,2.115158040252288,5.89720759043032
3.677701000933254,0.6873650726563323,7.8725853706626125
2.1646556412898987,3.3337888547426107,0.2511738657586644
3.8801978510059634,0.49055925193799554,-2.516004276945722
4.1105857452838235,5.020111927379205,-1.7102220612155143
4.059790447931039,3.6648795058690067,1.063985394025364
4.580780725554622,0.5848970010701389,1.7403934109174546
4.333922154548904,2.881581845900273,-0.3499803309872864
3.9591800792284366,1.9956871888188337,-2.9805833212494726
3.429834288541353,4.138349020838361,1.2193958626290589
1.8390390664840086,6.180900892046289,4.407133100569856
3.929618219132586,-0.25034493929148915,6.475147329177823
3.7076876871631113,3.7300521582948343,0.712884734458394
3.7715788371953733,3.179734408866719,1.4350108892828297
2.223251424179691,4.842680152900932,-1.1334915442365538
2.4189434595917376,3.9263932564753783,3.3428041481261177
4.553152853332904,1.9960613365223618,-0.7421431709540727
3.460444846143345,2.8618921286667636,6.3656390662060005
4.181500697372624,1.907948286393022,-5.429332459670556
3.528318376130461,5.652014277197196,1.701851637737688
3.529756139495745,3.5426232973438845,5.00553669595871
4.438283805975997,7.302381371506015,4.419172581612521
2.983955271782626,3.3786783723707585,16.96516831990248
3.5961207769409835,2.0831864661790744,5.249000122839538
3.0377247112949575,0.4725712147743457,-1.5202729842100515
3.0655037725676846,-0.10627935251189013,3.0226787645546347
3.1908278765313605,0.33172811398902047,-5.381231667332258
3.722133771633713,4.034253302022967,3.0970012535161957
3.0212513783365225,4.517450046459867,-0.6652802850037931
4.755756125573521,0.3376185959357332,8.076951377800809
2.605392697780496,5.290076628152231,0.7522986270223253
3.313128355838641,2.533877896633121,2.916170421023767
3.060268941725825,3.793586023971099,0.32221079297798294
4.946977884353733,6.724441256510849,12.194256759266656
3.6965547765115745,5.293678631731064,1.8937861694104416
4.531844539468635,2.9629387041883355,12.662785217396008
2.014439626963028,1.7176155491694252,7.570758810591332
3.767050265869259,-0.8036308026586099,5.910333636676931
4.389630795623437,2.06169336151516,5.343665736587599
3.582283989275424,3.0777395223446113,5.468986491081258
4.565480375065351,1.525640945697632,-6.138362896728051
2.9827115498996277,3.2374860658153906,2.105583029246217
4.90934744018558,3.6537037659175366,7.725789855921608
5.79889812361925,3.0502880363838427,3.2555140826294724
3.137161439560341,2.1999948383530805,-3.525949234017875
3.0544974785992283,3.8373093439334554,3.2379777471126525
4.953384477117701,4.383881299138818,12.020527581277456
5.079572145730713,1.319201845114308,9.734458577673596
2.977139972846732,6.32186475949254,3.1899799531698414
3.0798131829041426,3.3028237354314767,8.257246385290433
3.2182153911394926,3.537699245889695,1.6674648981597409
2.1555494889657227,4.9164288465131145,-5.019357934133595
2.5813480535158018,3.9664322625270034,-1.1223299406477718
2.4958592332479324,5.40627326782649,11.314443842540989
2.7322024348958713,4.074248330403648,2.1300345908534792
3.4653151126132187,2.275125250719124,2.2830801031249095
3.734214732536521,4.223007050412203,2.0008090186255973
5.050500492814077,1.2125475853586765,13.020682947865035
2.501645959261209,3.717119411553046,11.629794576810315
4.484322398476584,3.4335400187110783,14.59390116724067
3.286011155774491,3.083766285454921,2.7047739479997435
3.450536290347567,3.2429249771221387,4.978122443735476
4.174819492166604,-0.2636980909952782,-4.083212747103955
2.3772779784377014,2.402550184518077,10.884672130591373
3.8824097461840505,3.6856898022822295,-2.3388977563396747
3.666452208213056,3.8197127839948006,4.5838778188131455
3.992451264008149,1.4446497181480837,-1.9865126381642204
3.7891686439078183,6.031415681729401,0.5556658663065197
5.955300139910895,1.7676503035709983,-0.6863121552485012
2.862260015748684,5.438914401053474,0.46062369662091074
2.9690030449981824,4.354388723743369,0.8043864842551072
2.8768594735752355,2.2075453803123937,0.7586560253746146
2.9445228808397452,7.050621785219024,7.6666695589015355
2.8626128726934823,1.11272633648704,-2.0243139653126008
4.689016531107551,5.3383083472200035,4.602707135069334
4.920504247989855,5.5011646360859565,9.589795761527792
2.929253706250524,2.1587595818467102,0.9340181774330198
2.6676444268957713,6.284930600128657,-0.08959445373800934
3.971415556386404,2.9999069708020945,2.347376874098746
2.9477769557190285,4.077387258559714,9.398626041803551
4.1329318177555106,4.0206436775424415,4.470538154766788
3.7029230208512995,3.2313825170589046,0.8439285269620074
1.984255885002768,5.121616546319564,5.919383255940199
5.047505201330061,5.086977441104426,-2.011460749182117
5.2958776730955215,0.00293605352363846,6.90679755221474
2.8872113095156138,6.108680485756305,5.543036538508838
3.112298440064016,0.17501602392865134,1.9609576443055796
3.785865390724905,5.565092408683315,-0.6929289922361548
3.834456789987025,5.753410273655167,-0.933404611417286
4.15854427267283,1.3180671395696035,6.174086681729551
5.51020453876635,2.6783714240908303,9.64490251244531
3.3230527725059504,1.2885906630281285,0.3134612648560262
2.7017027554615463,3.070157939422529,5.791933517757421
2.120680771985473,2.8839314316285174,-6.935135093010343
2.769069960058081,5.05932106453868,0.5769113467140023
3.4668730271262027,6.120617492239217,3.3447053356454903
5.294557863517788,6.291367621579912,-1.0484170849091683
2.9823887009638286,2.375663946843396,-1.1825318739479798
3.7237879516388985,3.0815562525109446,0.16110221765556876
3.483577103927248,0.13312361555809948,4.960963641631865
4.688393273448084,1.8882598670076225,2.5633549079681264
6.026932425873621,5.429703266194915,-7.691156166624861
2.9691312270796795,6.731165647096463,-7.103500763175331
3.010560557481778,1.031302256240156,0.4656741107141231
4.544160877069072,2.3150714816942113,5.78843293026776
4.181891489626311,3.447188486082146,-10.237524213626173
5.346707325736034,4.060322317639214,1.0013491192418469
4.083928185325964,1.8807929601567077,0.8687607174128944
3.1407079092129404,4.3481220889281795,10.44168889104224
4.090654830692309,2.5523213058581677,1.5748909414356818
4.608703580582908,3.471095458243442,5.414944923704642
4.320482181197364,4.592568496007399,4.206285700437316
4.007274031107298,3.5128445396218755,-7.1528323990360025
4.566674689589154,2.627228218946863,7.341036083158686
4.669295590445673,3.2807803921483383,4.57698252728144
4.882158991037527,3.3232740815893296,6.041343198372948
4.148709887589643,2.7599779402357445,23.131188532181632
3.3328819196831456,2.982407874665795,-6.920564697492942
3.6467136864333227,6.697294341009433,12.123483248805542
4.706508966508357,4.621838895882478,2.062762402998222
2.683064329012764,2.9090393639416794,4.9366445220150466
3.8686733088729013,4.893908809021472,3.272438773493789
3.106661187672639,2.83236102048798,1.3788183330097823
3.5287448229348173,5.846249275173283,0.6508353588062064
4.778451862607299,4.239284384396187,5.147543677865046
3.6910990680199034,3.2853957119915425,-4.085868483358396
3.546436548156149,4.395433851620555,7.252895837608827
2.140143859020081,0.3582476958630014,1.41902797557373
4.246253566027221,1.2464650621803894,-2.1503466952017884
4.145484181141075,1.1121499872018892,1.2499357100209316
5.66325472330546,3.7858861895274134,9.785746084312864
3.192221765046999,6.965029998970184,0.8233245649188845
3.719150327663939,7.962600292385265,5.2922680910481015
3.7493836837107555,4.776102202881514,-0.15478137857736662
5.077453279763475,4.501688949888914,7.289609249618097
3.404704467613048,-0.10211546830547791,6.92753869395102
3.7790215257703395,2.4146524005319563,12.743044166482058
4.107896509716539,1.9244324961835222,2.6221802725039227
3.6866091231563582,2.2583048034977677,6.843274023789533
3.053566385449472,3.1637123628304207,3.9903376976947227
3.6940899928983075,2.5558188446057453,9.97935890931507
4.573631749859772,-0.45859962075157545,-0.0941619380436518
2.4734847005889398,4.995820512235068,7.225026564386406
3.632969674146876,1.354513948520387,2.5265135194165915
2.799879185060827,3.978493728222299,3.179059114457511
4.6950466289248425,7.648165339499947,3.9587624222418643
1.9768130952162253,1.6612308168271532,4.761201982133387
2.9410781527284118,-1.5605750454926595,2.9188547843902093
3.877211875064521,2.9279915562397782,4.573565915852631
5.06552402923434,5.701919269997142,11.390590287810923
3.4342497389270124,7.416694908441188,8.427248428076092
2.9448004733068016,1.0409008110951663,7.8457729624844825
5.38115706944059,4.493398446473043,1.2223023698806466
2.0519860995837558,2.569379086439893,-0.9462041411416218
1.301194043379918,3.2881032913917285,8.276502791188765
3.9400144500533325,8.78868669403407,7.880233962648971
2.9979457756473886,0.4940593432096936,10.86335337875491
2.4787671828692868,4.0074793229891466,0.4800968701538526
4.208356447299353,4.435386343530866,2.3522567231982645
3.743800713771199,5.671572649878694,-4.69742081262717
2.9359213692632715,3.695966306941791,1.5376444696956353
2.2196956013291054,4.116101079008205,8.482852552897235
4.372457328280145,2.716702865156418,1.1675231038590104
4.150201177958661,4.038253882490214,6.702398976004119
3.400824136220617,2.8136154490051792,2.5474844700109434
5.346636996047666,4.743143779712102,5.120285141107804
2.4299152336738477,2.760779327912732,-2.238456949078337
1.9744748290752612,4.254200787804373,3.9260472481695055
2.8080919301187555,3.441474372630043,-11.455679854503616
3.454413983644502,5.752100501544336,2.565519209190076
3.7433394493226917,3.3972125528230275,-4.6523662185757
3.2587639421436703,-0.04606493641376286,9.52997258273408
3.852055396514297,6.023843001427983,7.387036763822556
2.248460575809556,1.6885353982747622,5.833354909830405
4.94376460407326,2.1924673227023606,11.1050311357969
3.417848821607431,2.308677411913016,-1.2445826041241865
4.617295831588128,6.248876186341635,12.23681598957779
3.842725346377704,-0.771348427957391,8.160957821301924
3.956753219153784,9.775497067319987,2.31722356390527
4.069767280232204,5.612113618132104,9.178100735914722
3.9477085600173147,3.9464778282583195,-2.031467562058171
4.142722759867544,3.3902119987674273,-0.6225708076383674
4.829152530132431,4.071108149715314,0.457051383801498
3.69652116970147,4.542244856758677,0.8551114596799239
4.209003757588512,4.790431171900114,-1.7827882138012638
3.410264305712773,4.611208932006897,9.615415335476625
4.940117215449472,3.6791613625104977,2.2057279981508415
2.82360769794073,3.105323159385348,5.262524841784398
5.300940432910815,3.1974534326929764,0.6482431679315974
3.4598420493556565,3.110183439294638,-5.603016502742586
2.069224897881952,5.7675401937341295,4.85028679195711
3.6281044149107893,4.6871134445617235,-6.061274877098885
2.818948342525119,-2.3807772693285605,3.156829769572657
4.340643548988724,4.811801553059522,-3.3415751941640526
2.847376020697609,3.88947238943755,13.43637999615404
3.0538165667852204,3.462582487108205,8.056813610873608
1.610459269054469,2.7229630938222282,4.028768956357402
3.0476936807509234,5.7482254399720265,9.818533388273343
1.0761206733710433,5.395052924245716,-0.731579887328679
1.9160971765142767,1.9542446643527818,6.217396893350465
4.260414656144297,4.31410457424907,4.499052168593567
4.285800158650832,1.556686530917428,4.82010040666835
3.925457561784965,0.740763670422139,9.861767500533839
2.533023856870787,2.24656555082007,7.162460513899012
3.45228864385802,5.224786944765517,4.943618314125116
3.4963974609094315,5.406250090752174,-4.774437181141481
2.3416353108074572,4.526170840194586,-1.3002314763973182
5.003398301767151,4.950191573695994,2.886455332021379
4.377362290575672,4.532356574229917,3.966861871383256
3.279035826170336,2.2170368095540955,-2.1510186233696196
3.526885838994531,4.3638450893478815,15.558383377892106
3.7083828079475527,5.100819050455365,11.081970276267864
1.4582651315757094,5.008582659627148,6.5105916019624175
3.2528226174794033,5.877826742949286,3.8601843064187236
2.8180157520022013,4.916607694402128,2.4389551504942415
2.4983799901050845,4.202896415083166,-1.2595923001111782
3.218899707114045,5.640300476632855,3.8874025925943125
5.297686526849523,3.44695748150188,4.788762700713754
4.14084286126701,1.7362506975445644,-2.7088028774081216
2.928821010217203,3.1738660721124723,5.170882086224488
4.072582781356159,2.010194710387102,2.7237047558762564
