datetime,power
2020-1-1 00:00,221.4034655
2020-1-1 01:55,327.3705925
2020-1-1 03:50,223.2724403
2020-1-1 04:04,328.3805924
2020-1-1 05:45,329.1092385
2020-1-1 06:14,346.8083052
2020-1-1 06:28,241.906322
2020-1-1 07:55,329.9732296
2020-1-1 09:36,348.0888516
2020-1-1 09:50,348.1727872
2020-1-1 10:19,243.3376589
2020-1-1 11:16,226.1554274
2020-1-1 13:12,349.243258
2020-1-1 14:24,244.578523
2020-1-1 16:04,332.5066549
2020-1-1 17:16,350.2831906
2020-1-1 18:43,245.5830608
2020-1-1 18:57,333.1296647
2020-1-1 19:26,350.719992
2020-1-1 21:50,351.1143461
2020-1-1 22:33,333.7141668
2020-1-2 00:43,333.9629986
2020-1-2 01:40,229.0494178
2020-1-2 02:52,351.6367323
2020-1-2 03:07,229.1514498
2020-1-2 05:31,229.2487764
2020-1-2 06:00,351.7574536
2020-1-2 08:24,246.7476725
2020-1-2 10:33,334.1642031
2020-1-2 10:48,351.6506259
2020-1-2 11:31,229.1047787
2020-1-2 12:57,351.4902524
2020-1-2 13:55,351.3971643
2020-1-2 15:21,351.2327581
2020-1-2 17:16,245.9680188
2020-1-2 19:12,350.652267
2020-1-2 20:38,332.882669
2020-1-2 22:33,332.4804392
2020-1-3 00:00,227.1473554
2020-1-3 00:00,227.1473554
2020-1-3 01:26,244.2879271
2020-1-3 02:52,226.4026884
2020-1-3 04:33,225.9213453
2020-1-3 04:48,243.3498256
2020-1-3 07:12,225.0975804
2020-1-3 09:21,224.3644718
2020-1-3 09:21,241.8644718
2020-1-3 10:33,223.9349798
2020-1-3 11:16,223.6698548
2020-1-3 13:40,345.2469384
2020-1-3 15:36,344.4666302
2020-1-3 18:00,343.4411617
2020-1-3 19:55,220.0825207
2020-1-3 21:07,342.0293247
2020-1-3 23:02,341.118813
2020-1-3 23:16,341.0028636
2020-1-3 23:31,340.8864501
2020-1-4 01:12,322.5587974
2020-1-4 01:55,234.6974217
2020-1-4 04:19,215.9652586
2020-1-4 05:16,320.4609982
2020-1-4 06:00,232.5787114
2020-1-4 08:09,336.411698
2020-1-4 10:04,317.8503769
2020-1-4 12:00,211.7681468
2020-1-4 12:57,316.2196898
2020-1-4 13:12,228.5818444
2020-1-4 14:52,315.1090908
2020-1-4 17:16,208.6972524
2020-1-4 18:43,330.338771
2020-1-4 20:52,311.5368137
2020-1-4 22:04,205.8068551
2020-1-4 22:33,223.0136587
2020-1-4 22:33,223.0136587
2020-1-5 00:57,326.5383429
2020-1-5 02:38,325.4975423
2020-1-5 03:36,324.9002918
2020-1-5 06:00,200.9007063
2020-1-5 06:28,200.5998799
2020-1-5 08:24,321.8943623
2020-1-5 09:50,303.4885882
2020-1-5 10:48,197.8843251
2020-1-5 12:28,196.8267301
2020-1-5 13:12,318.8736334
2020-1-5 14:24,300.6189823
2020-1-5 14:38,300.4681554
2020-1-5 15:07,212.666629
2020-1-5 15:50,317.2147013
2020-1-5 16:19,194.4136922
2020-1-5 18:28,193.062562
2020-1-5 18:57,210.2632077
2020-1-5 18:57,210.2632077
2020-1-5 18:57,192.7632077
2020-1-5 20:24,191.8674961
2020-1-5 21:50,313.475792
2020-1-5 22:33,313.0316357
2020-1-5 22:33,190.5316357
2020-1-6 00:28,206.8534461
2020-1-6 00:28,294.3534461
2020-1-6 02:24,310.685445
2020-1-6 02:38,205.5402321
2020-1-6 02:38,310.5402321
2020-1-6 02:38,293.0402321
2020-1-6 04:04,204.6729083
2020-1-6 05:31,308.8127875
2020-1-6 05:45,308.6701751
2020-1-6 07:55,202.3968191
2020-1-6 10:04,183.6430764
2020-1-6 11:31,182.819063
2020-1-6 12:43,182.140063
2020-1-6 13:12,199.3704923
2020-1-6 13:26,304.2361511
2020-1-6 14:52,198.4364809
2020-1-6 16:48,197.3879187
2020-1-6 16:48,284.8879187
2020-1-6 18:28,283.9878433
2020-1-6 18:28,178.9878433
2020-1-6 18:43,283.8606372
2020-1-6 19:40,178.3553408
2020-1-6 20:52,195.2318263
2020-1-6 20:52,195.2318263
2020-1-6 20:52,195.2318263
2020-1-6 22:48,194.2535784
2020-1-6 22:48,176.7535784
2020-1-7 00:57,193.182738
2020-1-7 02:09,192.6019375
2020-1-7 02:09,192.6019375
2020-1-7 03:21,297.0315306
2020-1-7 03:36,296.9187179
2020-1-7 04:33,296.4717602
2020-1-7 05:02,173.7508829
2020-1-7 05:45,295.9228622
2020-1-7 06:57,172.8850669
2020-1-7 07:26,295.1731076
2020-1-7 08:09,172.358599
2020-1-7 09:21,171.8436755
2020-1-7 10:48,188.7413059
2020-1-7 11:02,171.1425814
2020-1-7 11:02,293.6425814
2020-1-7 11:02,188.6425814
2020-1-7 12:14,275.6562193
2020-1-7 13:40,187.5887587
2020-1-7 15:07,169.5392503
2020-1-7 16:04,274.1830406
2020-1-7 17:02,273.8350391
2020-1-7 17:31,291.1641446
2020-1-7 17:31,168.6641446
2020-1-7 18:43,185.7460493
2020-1-7 20:38,272.6045952
2020-1-7 21:50,289.7211093
2020-1-7 23:02,289.3512006
2020-1-7 23:45,166.6358288
2020-1-8 00:57,271.2879225
2020-1-8 01:40,166.0858514
2020-1-8 02:38,270.8242607
2020-1-8 02:52,288.2602688
2020-1-8 03:07,165.6968418
2020-1-8 03:21,288.133979
2020-1-8 03:50,183.0099523
2020-1-8 06:00,287.4800215
2020-1-8 07:26,287.1525594
2020-1-8 07:26,269.6525594
2020-1-8 09:21,286.7483836
2020-1-8 11:02,268.92537
2020-1-8 12:00,181.2537069
2020-1-8 14:24,268.3658726
2020-1-8 15:07,268.261077
2020-1-8 16:19,180.5983088
2020-1-8 18:43,267.817473
2020-1-8 20:38,285.1358118
2020-1-8 22:19,267.5082543
2020-1-8 22:33,284.9924238
2020-1-8 23:02,284.9625569
2020-1-8 23:45,284.9222397
2020-1-9 01:12,162.3577326
2020-1-9 02:38,284.8146973
2020-1-9 03:07,179.8051164
2020-1-9 05:31,162.2928328
2020-1-9 05:31,267.2928328
2020-1-9 05:45,284.7948621
2020-1-9 06:57,267.3138587
2020-1-9 07:12,162.3194258
2020-1-9 08:09,267.3475679
2020-1-9 09:36,162.4073486
2020-1-9 12:00,267.5535226
2020-1-9 13:55,162.7119669
2020-1-9 15:07,267.8295438
2020-1-9 15:50,267.9068868
2020-1-9 17:16,180.5767558
2020-1-9 17:31,285.6070245
2020-1-9 17:45,268.1378504
2020-1-9 18:14,285.7011682
2020-1-9 19:12,180.8344405
2020-1-9 19:26,180.8691353
2020-1-9 19:40,268.4043789
2020-1-9 20:24,181.0133913
2020-1-9 22:33,163.8697004
2020-1-10 00:00,286.6313233
2020-1-10 01:40,286.9604927
2020-1-10 03:07,164.7628416
2020-1-10 05:02,270.194449
2020-1-10 06:14,287.9804354
2020-1-10 07:40,288.3397895
2020-1-10 08:09,165.963441
2020-1-10 08:24,183.5259846
2020-1-10 08:38,288.5890042
2020-1-10 10:48,289.1773535
2020-1-10 11:02,289.2450477
2020-1-10 12:14,184.5903549
2020-1-10 13:26,167.4468978
2020-1-10 13:55,290.0926119
2020-1-10 15:50,290.6927954
2020-1-10 15:50,185.6927954
2020-1-10 17:16,168.6607097
2020-1-10 19:12,186.8075076
2020-1-10 20:09,169.6404409
2020-1-10 21:50,292.7378741
2020-1-10 23:16,293.2644911
2020-1-11 01:40,294.1706831
2020-1-11 02:09,276.8560389
2020-1-11 04:19,295.2063471
2020-1-11 05:02,172.9954856
2020-1-11 06:14,295.9834563
2020-1-11 06:28,191.08194
2020-1-11 08:38,296.9811082
2020-1-11 09:36,297.3878495
2020-1-11 11:02,193.005701
2020-1-11 12:14,298.5273319
2020-1-11 14:24,176.9806843
2020-1-11 16:48,195.5597588
2020-1-11 17:31,300.8871726
2020-1-11 19:26,284.2677943
2020-1-11 19:55,284.4895424
2020-1-11 20:24,284.7118848
2020-1-11 22:48,198.3317546
2020-1-12 00:28,181.6227217
2020-1-12 01:26,287.0768894
2020-1-12 03:50,305.7178985
2020-1-12 04:19,200.946879
2020-1-12 04:33,201.061448
2020-1-12 06:00,201.7497923
2020-1-12 08:09,307.784267
2020-1-12 08:24,185.399277
2020-1-12 10:33,186.4341703
2020-1-12 10:33,186.4341703
2020-1-12 12:43,187.4672219
2020-1-12 14:24,293.2680786
2020-1-12 15:07,293.6103219
2020-1-12 15:50,188.9518631
2020-1-12 18:00,312.4714831
2020-1-12 19:26,295.6462691
2020-1-12 20:38,296.2050203
2020-1-12 21:36,296.6494209
2020-1-12 23:02,192.3112464
2020-1-12 23:16,209.920956
2020-1-13 00:57,315.683781
2020-1-13 02:52,316.5436253
2020-1-13 05:16,317.5983041
2020-1-13 06:43,300.7192566
2020-1-13 08:09,318.8305526
2020-1-13 10:19,197.2280233
2020-1-13 10:48,319.9241087
2020-1-13 13:12,303.3850449
2020-1-13 13:12,198.3850449
2020-1-13 13:55,198.6667144
2020-1-13 13:55,216.1667144
2020-1-13 15:07,216.6290434
2020-1-13 17:02,322.3494778
2020-1-13 19:26,323.2147086
2020-1-13 21:36,201.4577516
2020-1-13 23:31,324.5882052
2020-1-13 23:31,324.5882052
2020-1-14 00:28,219.8923832
2020-1-14 00:57,307.5416351
2020-1-14 02:52,203.1192443
2020-1-14 04:19,308.5314988
2020-1-14 04:19,326.0314988
2020-1-14 06:43,326.6770388
2020-1-14 07:55,221.9796705
2020-1-14 08:38,204.6546264
2020-1-14 09:36,327.3800369
2020-1-14 12:00,222.9032848
2020-1-14 12:00,310.4032848
2020-1-14 14:24,205.8670992
2020-1-14 15:07,205.9943074
2020-1-14 16:19,223.6938067
2020-1-14 17:16,311.3419827
2020-1-14 18:57,224.0764071
2020-1-14 18:57,224.0764071
2020-1-14 19:40,311.6670298
2020-1-14 20:24,224.2516626
2020-1-14 22:33,224.4690623
2020-1-14 23:02,224.5098338
2020-1-15 00:14,312.0995822
2020-1-15 01:40,329.6840323
2020-1-15 02:09,224.7064799
2020-1-15 03:07,207.2427322
2020-1-15 04:48,224.7781368
2020-1-15 05:02,224.7802529
2020-1-15 05:02,224.7802529
2020-1-15 06:14,329.7796873
2020-1-15 06:43,224.774228
2020-1-15 08:24,329.7313194
2020-1-15 10:48,329.6049246
2020-1-15 11:02,224.588021
2020-1-15 11:45,329.5326153
2020-1-15 11:45,329.5326153
2020-1-15 13:40,206.8501792
2020-1-15 14:52,311.7102891
2020-1-15 16:48,311.4445803
2020-1-15 19:12,328.5390675
2020-1-15 20:38,205.7561639
2020-1-15 22:19,222.8881879
2020-1-15 23:16,327.6594503
2020-1-16 00:43,222.2909962
2020-1-16 01:55,309.4605913
2020-1-16 02:09,309.3919514
2020-1-16 03:36,326.4621332
2020-1-16 04:04,203.8119923
2020-1-16 05:02,326.0013729
2020-1-16 07:26,202.664273
2020-1-16 08:52,307.1202974
2020-1-16 11:16,306.1437869
2020-1-16 12:57,217.9080638
2020-1-16 12:57,200.4080638
2020-1-16 13:40,322.5795692
2020-1-16 16:04,303.927344
2020-1-16 16:33,198.6863207
2020-1-16 18:00,320.4420772
2020-1-16 18:28,197.6869363
2020-1-16 20:52,301.358295
2020-1-16 21:21,301.0819826
2020-1-16 21:50,318.3021443
2020-1-16 22:04,300.6609032
2020-1-16 23:31,212.2949675
2020-1-16 23:31,299.7949675
2020-1-17 01:26,298.5911474
2020-1-17 01:26,211.0911474
2020-1-17 02:09,298.1252358
2020-1-17 02:24,210.4681803
2020-1-17 03:21,192.3312076
2020-1-17 05:02,191.182894
2020-1-17 05:16,208.5153651
2020-1-17 06:57,312.3183539
2020-1-17 08:52,310.8984529
2020-1-17 08:52,205.8984529
2020-1-17 10:48,186.923555
2020-1-17 11:45,203.6656097
2020-1-17 12:28,290.5882287
2020-1-17 13:55,201.9106348
2020-1-17 14:09,306.7114211
2020-1-17 15:21,200.7027764
2020-1-17 17:45,198.6230505
2020-1-17 19:26,302.1182157
2020-1-17 20:38,283.5188874
2020-1-17 21:50,282.3993753
2020-1-17 22:33,194.218052
2020-1-18 00:00,175.333949
2020-1-18 00:57,174.3954506
2020-1-18 01:12,296.6588695
2020-1-18 02:24,190.4643055
2020-1-18 04:04,171.2595689
2020-1-18 04:33,275.7656398
2020-1-18 05:45,187.0176175
2020-1-18 07:12,185.4953555
2020-1-18 08:38,271.4465943
2020-1-18 10:48,181.5746716
2020-1-18 10:48,286.5746716
2020-1-18 12:14,162.4614964
2020-1-18 13:55,178.0479001
2020-1-18 16:19,280.2566417
2020-1-18 18:00,260.7635387
2020-1-18 19:12,154.3206259
2020-1-18 20:38,152.5684069
2020-1-18 20:52,169.774206
2020-1-18 23:02,167.0991763
2020-1-19 00:57,164.681265
2020-1-19 02:09,268.1515207
2020-1-19 04:04,265.6752189
2020-1-19 04:33,247.550758
2020-1-19 06:14,157.8486756
2020-1-19 06:43,244.7148963
2020-1-19 09:07,241.5163296
2020-1-19 10:04,152.7234912
2020-1-19 10:19,239.8991203
2020-1-19 11:02,151.4232706
2020-1-19 11:16,133.5970846
2020-1-19 12:00,255.1158603
2020-1-19 12:57,236.3014528
2020-1-19 13:40,147.8111726
2020-1-19 15:07,145.8194682
2020-1-19 17:02,230.6417365
2020-1-19 17:31,142.4685206
2020-1-19 18:00,141.7938424
2020-1-19 19:26,227.2612937
2020-1-19 21:07,224.8745814
2020-1-19 22:48,222.4723508
2020-1-20 00:00,115.7476019
2020-1-20 01:40,130.8214278
2020-1-20 02:24,129.7777775
2020-1-20 02:38,234.4294043
2020-1-20 03:36,215.5335532
2020-1-20 05:02,125.9330828
2020-1-20 07:12,210.2688028
2020-1-20 07:40,227.0636354
2020-1-20 08:09,103.8578044
2020-1-20 10:04,101.0284065
2020-1-20 10:48,222.4651324
2020-1-20 11:02,99.6104634
2020-1-20 12:57,96.7692355
2020-1-20 14:09,112.4905145
2020-1-20 15:50,197.4975058
2020-1-20 17:31,212.5023628
2020-1-20 17:45,107.1458122
2020-1-20 18:43,210.7195062
2020-1-20 18:43,105.7195062
2020-1-20 20:52,190.0107069
2020-1-20 22:04,188.2290487
2020-1-20 23:31,203.5928258
2020-1-20 23:31,203.5928258
2020-1-20 23:45,80.7370284
2020-1-21 01:55,182.5388201
2020-1-21 03:07,198.2657796
2020-1-21 03:36,180.0574503
2020-1-21 05:16,90.0828425
2020-1-21 06:28,193.3201158
2020-1-21 08:52,67.3088416
2020-1-21 09:21,171.6091097
2020-1-21 11:16,63.8195859
2020-1-21 12:28,79.5843804
2020-1-21 14:09,164.6667925
2020-1-21 15:50,57.2640054
2020-1-21 18:14,71.3596429
2020-1-21 20:38,50.4917574
2020-1-21 21:50,66.3226368
2020-1-21 23:31,64.00359
2020-1-22 00:28,167.6881269
2020-1-22 00:28,150.1881269
2020-1-22 00:57,44.5331362
2020-1-22 02:52,59.4321154
2020-1-22 04:04,145.3224444
2020-1-22 05:02,39.0439133
2020-1-22 05:02,144.0439133
2020-1-22 05:45,143.0905322
2020-1-22 06:00,160.2738081
2020-1-22 07:26,35.8849372
2020-1-22 07:26,53.3849372
2020-1-22 08:24,157.1368736
2020-1-22 09:21,138.3980129
2020-1-22 11:02,31.2528118
2020-1-22 12:43,46.6376316
2020-1-22 14:52,148.9640768
2020-1-22 16:33,146.9218107
2020-1-22 17:45,127.9836446
2020-1-22 18:14,22.4132888
2020-1-22 18:28,39.6291756
2020-1-22 19:26,125.9998978
2020-1-22 20:09,142.6605614
2020-1-22 20:52,141.8278505
2020-1-22 21:07,141.5517677
2020-1-22 22:04,35.4549531
2020-1-22 22:04,122.9549531
2020-1-22 23:16,16.6010796
2020-1-23 00:00,15.7980452
2020-1-23 01:55,31.1913882
2020-1-23 04:04,28.8833482
2020-1-23 05:45,9.6348504
2020-1-23 07:26,25.4282252
2020-1-23 08:52,6.4994482
2020-1-23 11:16,21.689633
2020-1-23 13:12,124.9076171
2020-1-23 13:26,2.1890519
2020-1-23 14:09,106.5390011
2020-1-23 14:38,18.6103603
2020-1-23 17:02,-0.975394
2020-1-23 17:02,104.024606
2020-1-23 18:00,103.2174661
2020-1-23 18:57,-2.5739308
2020-1-23 20:52,-4.108923
2020-1-23 21:50,-4.8522383
2020-1-24 00:00,11.0351066
2020-1-24 01:26,97.5065875
2020-1-24 02:24,96.8418612
2020-1-24 02:38,96.678316
2020-1-24 05:02,7.6013812
2020-1-24 06:43,111.5614647
2020-1-24 08:24,5.57487
2020-1-24 09:36,109.9031122
2020-1-24 11:45,91.2638216
2020-1-24 12:57,3.1700214
2020-1-24 15:21,-15.4329014
2020-1-24 16:33,106.5582903
2020-1-24 16:48,1.4599599
2020-1-24 18:57,-16.8732977
2020-1-24 20:24,105.1231615
2020-1-24 20:38,0.0432978
2020-1-24 22:33,86.9463105
2020-1-25 00:43,-1.1358466
2020-1-25 00:57,86.3053387
2020-1-25 01:12,-1.2523
2020-1-25 03:21,-19.21801
2020-1-25 05:02,85.4859481
2020-1-25 05:02,85.4859481
2020-1-25 06:28,102.7784212
2020-1-25 07:12,-2.309314
2020-1-25 07:55,85.1136475
2020-1-25 09:36,102.4755291
2020-1-25 12:00,-2.6205641
2020-1-25 12:43,102.3738401
2020-1-25 13:40,84.8830598
2020-1-25 13:40,84.8830598
2020-1-25 15:36,84.9586703
2020-1-25 18:00,-19.8397318
2020-1-25 19:55,85.4070427
2020-1-25 19:55,85.4070427
2020-1-25 22:19,-1.677956
2020-1-26 00:00,-1.3172852
2020-1-26 00:43,-18.6450838
2020-1-26 02:38,-18.1343631
2020-1-26 03:07,104.5049915
2020-1-26 04:04,87.2976615
2020-1-26 05:16,-17.310398
2020-1-26 06:14,88.0239612
2020-1-26 06:57,0.7868245
2020-1-26 07:40,106.0600219
2020-1-26 09:50,-15.5586893
2020-1-26 12:14,-14.471793
2020-1-26 14:38,4.2271691
2020-1-26 15:36,109.7378086
2020-1-26 16:19,5.1323419
2020-1-26 16:19,92.6323419
2020-1-26 16:19,110.1323419
2020-1-26 16:48,-12.0991577
2020-1-26 17:16,-11.82629
2020-1-26 18:00,6.0911704
2020-1-26 18:43,111.5183804
2020-1-26 18:43,6.5183804
2020-1-26 19:12,6.8085815
2020-1-26 19:40,-10.3969194
2020-1-26 21:36,8.3237728
2020-1-27 00:00,114.9445703
2020-1-27 01:12,10.7939601
2020-1-27 02:24,11.6690021
2020-1-27 02:24,-5.8309979
2020-1-27 02:24,99.1690021
2020-1-27 02:52,-5.4738579
2020-1-27 02:52,-5.4738579
2020-1-27 04:04,100.4366489
2020-1-27 04:04,117.9366489
2020-1-27 05:16,13.8721562
2020-1-27 07:40,-1.6829701
2020-1-27 09:50,105.1499904
2020-1-27 10:04,122.8584
2020-1-27 10:33,18.2780374
2020-1-27 11:02,18.7014156
2020-1-27 11:02,18.7014156
2020-1-27 13:26,108.3736906
2020-1-27 14:24,109.2680519
2020-1-27 16:48,24.066063
2020-1-27 18:28,130.7262978
2020-1-27 20:24,115.1743334
2020-1-27 22:33,117.4286085
2020-1-28 00:43,32.2471737
2020-1-28 01:26,138.0339233
2020-1-28 03:07,139.895987
2020-1-28 05:02,19.5680023
2020-1-28 06:14,143.4486032
2020-1-28 08:24,40.9768954
2020-1-28 10:48,26.3486741
2020-1-28 13:12,134.2829439
2020-1-28 14:09,47.9733555
2020-1-28 14:38,153.5720256
2020-1-28 16:04,137.8815438
2020-1-28 16:48,33.7937208
2020-1-28 19:12,141.8685058
2020-1-28 21:07,161.8643306
2020-1-28 22:48,164.0727739
2020-1-29 00:57,44.4437315
2020-1-29 01:55,63.2304302
2020-1-29 02:09,63.5530896
2020-1-29 03:50,48.3223048
2020-1-29 04:48,67.1269788
2020-1-29 06:14,51.5942007
2020-1-29 07:55,158.9037555
2020-1-29 08:52,55.2299965
2020-1-29 09:50,74.0606412
2020-1-29 11:16,58.5643009
2020-1-29 12:43,183.0764166
2020-1-29 14:52,168.6085275
2020-1-29 16:19,65.6379437
2020-1-29 16:48,83.8156543
2020-1-29 18:00,190.5123304
2020-1-29 18:43,69.0318174
2020-1-29 20:09,193.5736061
2020-1-29 21:36,178.118409
2020-1-29 23:02,92.6653364
2020-1-30 00:00,199.0306969
2020-1-30 02:09,202.1033994
2020-1-30 02:09,202.1033994
2020-1-30 02:09,97.1033994
2020-1-30 04:19,205.1745458
2020-1-30 06:28,190.7411359
2020-1-30 08:52,106.6394742
2020-1-30 10:33,91.5105737
2020-1-30 12:57,217.383684
2020-1-30 15:21,98.2364691
2020-1-30 16:48,117.7367058
2020-1-30 18:28,102.5580773
2020-1-30 20:24,227.6932637
2020-1-30 20:38,105.5212312
2020-1-30 20:52,123.3488683
2020-1-30 23:16,126.6061608
2020-1-30 23:31,214.4298968
2020-1-31 01:12,234.1852492
2020-1-31 02:52,236.4207587
2020-1-31 05:02,221.7637177
2020-1-31 06:14,223.327013
2020-1-31 07:40,137.6869396
2020-1-31 09:07,227.0286263
2020-1-31 11:02,141.9544665
2020-1-31 11:16,142.255225
2020-1-31 12:00,125.6541188
2020-1-31 13:12,232.14079
2020-1-31 14:24,251.1127199
2020-1-31 16:48,131.5106079
2020-1-31 18:57,134.0639482
2020-1-31 18:57,151.5639482
2020-1-31 19:12,256.8443381
2020-1-31 20:38,241.0123758
2020-1-31 21:07,241.5628621
2020-1-31 23:16,139.0049486
2020-1-31 23:31,139.2726811
2020-1-31 23:31,244.2726811
2020-1-31 23:45,139.53968
2020-2-1 00:28,245.3362429
2020-2-1 02:52,160.4424724
2020-2-1 03:21,265.9544902
2020-2-1 04:48,249.9716541
2020-2-1 05:02,162.7217284
2020-2-1 06:28,164.205188
2020-2-1 07:40,165.418841
2020-2-1 07:55,270.6590761
2020-2-1 10:19,150.5148442
2020-2-1 12:00,152.1125088
2020-2-1 12:14,257.3372284
2020-2-1 13:55,171.3852672
2020-2-1 13:55,171.3852672
2020-2-1 14:24,154.319452
2020-2-1 16:19,278.5195637
2020-2-1 18:14,157.6601278
2020-2-1 18:57,175.7597359
2020-2-1 18:57,158.2597359
2020-2-1 19:55,176.5458121
2020-2-1 22:04,160.7577776
2020-2-1 23:45,267.0342073
2020-2-1 23:45,179.5342073
2020-2-2 01:40,163.4329382
2020-2-2 03:21,182.103516
2020-2-2 04:19,287.7498092
2020-2-2 06:00,183.840832
2020-2-2 06:43,184.2927079
2020-2-2 08:09,167.6679452
2020-2-2 09:50,186.140605
2020-2-2 11:45,292.1876727
2020-2-2 11:45,274.6876727
2020-2-2 13:40,293.1651779
2020-2-2 15:07,188.8522363
2020-2-2 17:31,172.4087799
2020-2-2 17:45,190.0083094
2020-2-2 18:43,172.8952379
2020-2-2 19:40,278.2642128
2020-2-2 20:38,173.6151697
2020-2-2 22:19,296.6858125
2020-2-3 00:00,297.2008039
2020-2-3 01:40,297.6598828
2020-2-3 01:40,297.6598828
2020-2-3 02:09,175.2807462
2020-2-3 04:04,175.7182784
2020-2-3 04:33,280.8161594
2020-2-3 06:57,298.7363792
2020-2-3 06:57,298.7363792
2020-2-3 08:24,298.9330568
2020-2-3 09:21,176.5410325
2020-2-3 11:45,176.7298876
2020-2-3 13:12,299.2875746
2020-2-3 14:52,299.3021507
2020-2-3 16:48,176.7493315
2020-2-3 17:31,194.2104388
2020-2-3 19:40,176.5314033
2020-2-3 20:38,281.4218617
2020-2-3 22:48,281.1081616
2020-2-4 00:14,298.3474725
2020-2-4 00:57,298.2017136
2020-2-4 03:21,280.1419341
2020-2-4 05:31,174.5414272
2020-2-4 05:45,174.4690787
2020-2-4 07:12,174.0114782
2020-2-4 07:26,278.9313023
2020-2-4 08:38,296.0137362
2020-2-4 08:52,295.9268935
2020-2-4 09:36,295.659728
2020-2-4 10:48,295.1923989
2020-2-4 11:02,295.0956365
2020-2-4 11:02,277.5956365
2020-2-4 11:16,172.4977786
2020-2-4 13:40,188.9592166
2020-2-4 15:36,170.5504899
2020-2-4 15:50,292.932073
2020-2-4 18:00,291.8184906
2020-2-4 20:24,167.9812309
2020-2-4 22:33,289.1891282
2020-2-5 00:00,288.2817994
2020-2-5 00:43,165.3145116
2020-2-5 02:09,269.3529601
2020-2-5 02:24,286.689228
2020-2-5 02:38,269.0245096
2020-2-5 03:07,286.1921195
2020-2-5 04:19,285.3440226
2020-2-5 05:16,284.6480756
2020-2-5 06:43,283.5753697
2020-2-5 08:09,159.9685542
2020-2-5 08:38,159.5921222
2020-2-5 09:50,281.1348281
2020-2-5 09:50,281.1348281
2020-2-5 10:04,175.9406096
2020-2-5 12:14,156.6517813
2020-2-5 14:38,277.0795279
2020-2-5 14:38,259.5795279
2020-2-5 14:38,172.0795279
2020-2-5 14:52,171.8674951
2020-2-5 15:36,171.226223
2020-2-5 17:02,169.9206439
2020-2-5 18:28,273.5848374
2020-2-5 18:57,150.6329538
2020-2-5 20:52,253.7929387
2020-2-5 22:33,147.1411396
2020-2-5 23:02,164.1621807
2020-2-6 00:57,144.7158258
2020-2-6 01:40,161.4735661
2020-2-6 03:21,247.2160075
2020-2-6 05:02,157.9234321
2020-2-6 06:14,156.622172
2020-2-6 06:43,138.596906
2020-2-6 06:57,138.333265
2020-2-6 08:52,153.7003741
2020-2-6 10:19,134.5736595
2020-2-6 11:02,238.7518581
2020-2-6 13:12,148.7537436
2020-2-6 14:09,130.1281842
2020-2-6 16:33,232.2749387
2020-2-6 18:00,125.5371012
2020-2-6 18:14,230.2456422
2020-2-6 20:09,122.8958773
2020-2-6 20:38,139.8035387
2020-2-6 23:02,241.8138653
2020-2-7 00:00,118.1054672
2020-2-7 00:14,117.8022937
2020-2-7 02:38,114.7479081
2020-2-7 03:36,218.5151269
2020-2-7 04:48,129.4658043
2020-2-7 05:45,110.719952
2020-2-7 07:26,126.0267827
2020-2-7 08:09,125.0820718
2020-2-7 09:21,123.501546
2020-2-7 10:19,122.2319819
2020-2-7 10:19,209.7319819
2020-2-7 11:45,120.3196162
2020-2-7 14:09,204.6129246
2020-2-7 15:50,114.8554883
2020-2-7 15:50,114.8554883
2020-2-7 16:04,202.032229
2020-2-7 18:28,198.7902952
2020-2-7 20:38,213.3601491
2020-2-7 21:50,211.7282517
2020-2-7 22:33,105.7479801
2020-2-8 00:28,85.6306402
2020-2-8 02:38,82.6823088
2020-2-8 04:19,97.8880168
2020-2-8 06:00,183.0941035
2020-2-8 08:09,180.1473625
2020-2-8 09:36,90.6856811
2020-2-8 11:02,71.227163
2020-2-8 13:12,173.2970169
2020-2-8 13:12,190.7970169
2020-2-8 15:07,188.2019958
2020-2-8 16:04,186.9084532
2020-2-8 16:33,168.7627725
2020-2-8 17:02,80.6178569
2020-2-8 18:28,166.1879765
2020-2-8 20:09,76.4464673
2020-2-8 20:52,180.4894
2020-2-8 23:16,54.8161663
2020-2-9 00:28,70.7401142
2020-2-9 00:57,70.1117991
2020-2-9 00:57,52.6117991
2020-2-9 00:57,70.1117991
2020-2-9 02:52,67.6112346
2020-2-9 05:16,64.5160656
2020-2-9 05:16,152.0160656
2020-2-9 07:12,62.0663834
2020-2-9 09:36,164.0400195
2020-2-9 10:33,57.8412345
2020-2-9 12:57,54.8753912
2020-2-9 14:52,52.5363118
2020-2-9 15:07,157.2461114
2020-2-9 15:36,51.6671981
2020-2-9 18:00,48.8031432
2020-2-9 18:00,31.3031432
2020-2-9 19:26,29.6099356
2020-2-9 19:26,29.6099356
2020-2-9 20:38,28.2139179
2020-2-9 20:52,132.9363826
2020-2-9 23:16,130.1923952
2020-2-10 01:26,40.2730692
2020-2-10 02:09,39.4775486
2020-2-10 04:33,141.8664443
2020-2-10 04:48,141.6088345
2020-2-10 04:48,124.1088345
2020-2-10 05:45,140.5848801
2020-2-10 05:45,18.0848801
2020-2-10 07:40,121.0685861
2020-2-10 07:55,138.3195576
2020-2-10 09:36,14.0954191
2020-2-10 09:50,118.8518625
2020-2-10 11:45,116.9285677
2020-2-10 13:40,115.0507575
2020-2-10 14:24,114.3585191
2020-2-10 16:33,129.8215891
2020-2-10 18:14,110.7792413
2020-2-10 19:26,4.7004104
2020-2-10 21:21,20.5144863
2020-2-10 23:16,18.8787907
2020-2-11 00:43,122.6854692
2020-2-11 02:38,-1.3604122
2020-2-11 02:38,103.6395878
2020-2-11 02:38,103.6395878
2020-2-11 04:33,119.6460405
2020-2-11 05:02,-3.2190893
2020-2-11 06:43,-4.4708076
2020-2-11 07:55,99.6602607
2020-2-11 08:24,99.3185942
2020-2-11 09:50,98.3139584
2020-2-11 11:31,97.18072
2020-2-11 12:00,-8.1353363
2020-2-11 14:24,95.3362242
2020-2-11 16:33,6.5349879
2020-2-11 17:31,-11.5205825
2020-2-11 19:40,92.2808565
2020-2-11 20:09,92.024219
2020-2-11 20:24,4.3972264
2020-2-11 20:24,-13.1027736
2020-2-11 22:04,-13.9669061
2020-2-12 00:00,-14.9011961
2020-2-12 01:55,-15.7784907
2020-2-12 01:55,106.7215093
2020-2-12 02:09,89.1158611
2020-2-12 04:33,88.1084855
2020-2-12 04:33,-16.8915145
2020-2-12 04:33,105.6084855
2020-2-12 06:57,104.690439
2020-2-12 08:09,86.7649076
2020-2-12 09:21,103.8616859
2020-2-12 09:36,-1.2162836
2020-2-12 10:19,103.5551552
2020-2-12 10:33,85.9807494
2020-2-12 11:31,-1.8079754
2020-2-12 11:45,103.1220666
2020-2-12 14:09,84.9713004
2020-2-12 14:24,84.9110955
2020-2-12 16:19,84.4612475
2020-2-12 17:45,-20.8391694
2020-2-12 19:26,-3.6497972
2020-2-12 21:07,-21.4177271
2020-2-12 23:16,-4.199895
2020-2-13 00:28,-21.826574
2020-2-13 00:28,83.173426
2020-2-13 00:43,-21.8493457
2020-2-13 02:09,-4.4681035
2020-2-13 02:38,100.4990938
2020-2-13 04:48,-22.1068505
2020-2-13 05:16,100.3788121
2020-2-13 06:14,-22.1398891
2020-2-13 07:55,82.8591743
2020-2-13 08:09,82.8623229
2020-2-13 10:04,-22.0831975
2020-2-13 12:14,-4.4603083
2020-2-13 14:38,83.2514802
2020-2-13 14:38,100.7514802
2020-2-13 14:38,100.7514802
2020-2-13 14:38,-21.7485198
2020-2-13 15:50,83.3866124
2020-2-13 16:04,100.9159522
2020-2-13 16:04,83.4159522
2020-2-13 17:45,83.6427179
2020-2-13 19:55,83.988569
2020-2-13 21:07,-3.2933327
2020-2-13 23:16,-20.3549213
2020-2-14 00:28,84.9136806
2020-2-14 01:40,102.6998574
2020-2-14 02:09,85.3191934
2020-2-14 03:07,103.0661135
2020-2-14 03:50,-1.7415426
2020-2-14 03:50,85.7584574
2020-2-14 04:04,-1.6760772
2020-2-14 05:31,-18.7692428
2020-2-14 07:26,86.8100366
2020-2-14 08:24,104.6151456
2020-2-14 10:04,-17.3266464
2020-2-14 10:33,-17.1615752
2020-2-14 11:45,105.7617708
2020-2-14 12:57,88.7001192
2020-2-14 12:57,88.7001192
2020-2-14 15:07,-15.4740005
2020-2-14 16:04,89.9078866
2020-2-14 16:19,90.0047554
2020-2-14 17:31,90.497358
2020-2-14 19:55,91.5228426
2020-2-14 19:55,-13.4771574
2020-2-14 20:52,109.4476201
2020-2-14 22:19,110.0998934
2020-2-15 00:43,6.2258945
2020-2-15 01:26,94.0728425
2020-2-15 01:55,111.8064185
2020-2-15 03:07,94.8981754
2020-2-15 04:04,-9.6205613
2020-2-15 04:48,113.2448541
2020-2-15 05:02,-9.1325038
2020-2-15 07:26,9.6161975
2020-2-15 07:55,-7.6293448
2020-2-15 10:19,98.6652842
2020-2-15 11:31,99.3259589
2020-2-15 12:14,-5.2735669
2020-2-15 12:57,12.6298648
2020-2-15 14:24,118.4452864
2020-2-15 15:07,13.8571202
2020-2-15 16:33,119.6886418
2020-2-15 17:31,102.7485536
2020-2-15 18:57,121.0962991
2020-2-15 19:26,103.8808883
2020-2-15 20:09,16.8095711
2020-2-15 22:33,0.7531587
2020-2-16 00:57,107.2170071
2020-2-16 01:12,19.8643921
2020-2-16 03:07,108.5493416
2020-2-16 03:50,126.4961929
2020-2-16 03:50,126.4961929
2020-2-16 05:16,22.3935215
2020-2-16 07:26,23.7473803
2020-2-16 09:36,112.6087571
2020-2-16 11:31,113.8234363
2020-2-16 13:26,115.040842
2020-2-16 15:50,134.0641428
2020-2-16 17:31,30.1300272
2020-2-16 18:28,13.2385001
2020-2-16 18:43,118.3905205
2020-2-16 19:40,136.4981261
2020-2-16 21:21,32.5591595
2020-2-16 22:04,33.0128015
2020-2-17 00:28,139.5190076
2020-2-17 02:38,140.8650257
2020-2-17 05:02,37.3474262
2020-2-17 05:02,37.3474262
2020-2-17 05:45,142.7890499
2020-2-17 07:40,21.4588927
2020-2-17 09:21,22.4723345
2020-2-17 11:31,23.7598634
2020-2-17 12:28,146.8260633
2020-2-17 12:43,129.4670034
2020-2-17 13:55,130.1679134
2020-2-17 16:19,26.549789
2020-2-17 17:31,132.2301351
2020-2-17 17:45,132.3653184
2020-2-17 19:55,151.0681312
2020-2-17 20:52,46.5944339
2020-2-17 22:33,152.5026062
2020-2-18 00:14,135.893744
2020-2-18 00:57,31.2702551
2020-2-18 01:26,136.5194166
2020-2-18 02:52,32.2578508
2020-2-18 04:19,155.4823529
2020-2-18 04:48,50.7206784
2020-2-18 05:02,50.8392367
2020-2-18 06:43,156.6576697
2020-2-18 08:52,35.1796193
2020-2-18 09:36,35.5124665
2020-2-18 09:36,53.0124665
2020-2-18 12:00,141.5928808
2020-2-18 13:26,54.7191036
2020-2-18 15:36,143.1264744
2020-2-18 16:48,161.1136023
2020-2-18 18:28,144.2747432
2020-2-18 19:40,162.2318369
2020-2-18 21:21,162.8501616
2020-2-18 21:21,40.3501616
2020-2-18 23:31,58.6073887
2020-2-18 23:45,146.1888645
2020-2-19 00:28,41.4300621
2020-2-19 00:28,58.9300621
2020-2-19 00:57,59.0881578
2020-2-19 02:09,164.4738662
2020-2-19 02:09,164.4738662
2020-2-19 02:09,41.9738662
2020-2-19 04:19,60.1334209
2020-2-19 04:33,42.70392
2020-2-19 06:00,43.1150993
2020-2-19 07:12,43.4421582
2020-2-19 08:38,166.3157356
2020-2-19 09:36,149.0532421
2020-2-19 10:48,149.3370389
2020-2-19 11:16,61.946465
2020-2-19 12:57,149.8109242
2020-2-19 14:52,62.6919041
2020-2-19 15:21,62.781187
2020-2-19 17:02,63.0747915
2020-2-19 17:02,63.0747915
2020-2-19 17:45,150.6915956
2020-2-19 18:43,168.3388784
2020-2-19 21:07,168.6646325
2020-2-19 22:33,168.8308601
2020-2-19 23:31,168.9294628
2020-2-20 01:26,64.097292
2020-2-20 02:52,64.1974235
2020-2-20 03:07,46.711966
2020-2-20 04:19,46.7754763
2020-2-20 05:31,169.3236559
2020-2-20 06:00,46.8386366
2020-2-20 07:12,151.8653689
2020-2-20 08:24,46.8768034
2020-2-20 08:24,46.8768034
2020-2-20 09:36,46.8729681
2020-2-20 11:02,64.3482567
2020-2-20 11:45,169.3276963
2020-2-20 11:45,46.8276963
2020-2-20 13:26,169.2585202
2020-2-20 13:26,64.2585202
2020-2-20 15:07,64.1597915
2020-2-20 16:33,151.5517822
2020-2-20 17:16,168.9897251
2020-2-20 18:43,46.3495956
2020-2-20 19:55,46.2165998
2020-2-20 22:04,63.4403742
2020-2-20 22:33,45.8726093
2020-2-21 00:43,168.0392483
2020-2-21 00:43,63.0392483
2020-2-21 02:09,62.7914245
2020-2-21 03:50,44.9767808
2020-2-21 06:00,149.5324628
2020-2-21 08:24,148.9873014
2020-2-21 09:07,148.8133738
2020-2-21 09:21,61.2543456
2020-2-21 11:16,60.7633964
2020-2-21 12:00,43.0708033
2020-2-21 13:40,147.6037339
2020-2-21 15:50,146.967555
2020-2-21 17:45,163.8692811
2020-2-21 19:26,145.8212063
2020-2-21 20:09,163.0794543
2020-2-21 22:33,162.2446805
2020-2-21 22:33,162.2446805
2020-2-21 23:45,161.8110326
2020-2-22 00:43,38.9565337
2020-2-22 00:43,143.9565337
2020-2-22 00:57,143.8668735
2020-2-22 03:21,55.4480388
2020-2-22 05:45,141.9902715
2020-2-22 07:55,53.5967943
2020-2-22 08:09,140.9957528
2020-2-22 08:38,35.7926366
2020-2-22 09:21,157.9854164
2020-2-22 11:45,34.4400427
2020-2-22 13:12,51.2978109
2020-2-22 14:38,50.6449671
2020-2-22 15:36,137.7041064
2020-2-22 17:45,154.1966377
2020-2-22 18:14,48.9699756
2020-2-22 18:57,31.1281782
2020-2-22 21:21,29.97407
2020-2-22 22:33,46.8890863
2020-2-22 23:45,46.2992663
2020-2-23 00:14,28.5620601
2020-2-23 01:12,45.5855792
2020-2-23 01:12,45.5855792
2020-2-23 03:07,27.1249622
2020-2-23 04:33,148.8985092
2020-2-23 06:14,43.045394
2020-2-23 07:12,147.5555564
2020-2-23 07:40,129.8100734
2020-2-23 09:36,41.3249263
2020-2-23 10:48,40.7070727
2020-2-23 11:45,40.2119067
2020-2-23 12:00,127.5880179
2020-2-23 14:09,38.9718798
2020-2-23 16:04,142.9792679
2020-2-23 16:33,125.2312341
2020-2-23 18:00,141.9878068
2020-2-23 18:57,18.992995
2020-2-23 20:52,35.5061861
2020-2-23 22:04,139.8919025
2020-2-23 22:48,122.0244424
2020-2-24 00:00,16.4141264
2020-2-24 02:24,32.7028303
2020-2-24 03:21,14.7223475
2020-2-24 05:45,118.5329705
2020-2-24 06:14,30.7973218
2020-2-24 07:40,117.5952806
2020-2-24 07:40,12.5952806
2020-2-24 08:09,134.8629842
2020-2-24 09:50,116.5571995
2020-2-24 10:48,133.6021134
2020-2-24 13:12,27.48298
2020-2-24 13:12,132.48298
2020-2-24 15:36,8.8928728
2020-2-24 15:36,131.3928728
2020-2-24 15:36,8.8928728
2020-2-24 17:16,25.6487231
2020-2-24 17:31,8.0437616
2020-2-24 18:57,24.9213629
2020-2-24 19:12,7.3188857
2020-2-24 19:40,112.1150366
2020-2-24 20:24,129.3120696
2020-2-24 22:04,111.1186685
2020-2-24 23:31,110.5400205
2020-2-24 23:45,22.9450368
2020-2-25 01:55,4.6096456
2020-2-25 03:21,109.0728919
2020-2-25 05:16,20.88359
2020-2-25 05:16,20.88359
2020-2-25 06:43,20.3872081
2020-2-25 08:38,124.7540119
2020-2-25 10:19,106.7278688
2020-2-25 12:28,1.0912895
2020-2-25 13:40,18.2577059
2020-2-25 16:04,105.1351882
2020-2-25 16:33,122.5180117
2020-2-25 16:33,105.0180117
2020-2-25 16:48,104.9603569
2020-2-25 18:14,104.6276581
2020-2-25 18:57,-0.5300673
2020-2-25 19:26,121.8680239
2020-2-25 19:40,104.3180495
2020-2-25 19:40,104.3180495
2020-2-25 21:21,16.4867647
2020-2-25 22:19,16.3122442
2020-2-25 23:02,-1.3114661
2020-2-26 00:28,-1.5401379
2020-2-26 00:28,-1.5401379
2020-2-26 00:43,15.924209
2020-2-26 02:24,-1.8053763
2020-2-26 03:50,103.026105
2020-2-26 06:14,15.304646
2020-2-26 06:14,15.304646
2020-2-26 07:55,120.194837
2020-2-26 08:24,-2.3295727
2020-2-26 09:36,102.6231199
2020-2-26 12:00,15.0881822
2020-2-26 12:57,15.0968496
2020-2-26 13:12,120.1010629
2020-2-26 14:24,-2.3654932
2020-2-26 15:21,15.1762303
2020-2-26 16:19,102.7313875
2020-2-26 17:45,102.8395718
2020-2-26 19:55,-1.9401347
2020-2-26 21:50,15.8150174
2020-2-26 23:31,121.0847708
2020-2-27 01:55,-0.9535001
2020-2-27 01:55,-0.9535001
2020-2-27 03:07,121.8114562
2020-2-27 03:50,16.9814386
2020-2-27 06:14,0.1081892
2020-2-27 06:43,17.7447172
2020-2-27 08:09,18.1768293
2020-2-27 09:50,1.223922
2020-2-27 12:00,124.4958624
2020-2-27 14:24,20.4447838
2020-2-27 16:48,126.4905278
2020-2-27 18:00,22.0499377
2020-2-27 18:28,109.7805485
2020-2-27 18:57,22.5150779
2020-2-27 18:57,22.5150779
2020-2-27 21:07,6.1190773
2020-2-27 22:04,24.135342
2020-2-27 22:33,129.3993946
2020-2-28 00:57,130.7789707
2020-2-28 03:21,132.2575961
2020-2-28 05:02,115.8516597
2020-2-28 07:26,117.4989711
2020-2-28 08:52,136.0349774
2020-2-28 10:33,119.7887376
2020-2-28 11:31,15.5269408
2020-2-28 13:55,122.4415542
2020-2-28 15:07,18.4357817
2020-2-28 16:19,36.9545407
2020-2-28 17:45,125.7093306
2020-2-28 18:43,144.0653557
2020-2-28 18:43,144.0653557
2020-2-28 19:26,144.7175793
2020-2-28 21:36,24.2265065
2020-2-28 23:16,25.8428954
2020-2-28 23:16,43.3428954
2020-2-29 00:00,131.5499801
2020-2-29 01:55,150.9773552
2020-2-29 02:09,28.7225344
2020-2-29 04:19,48.4714125
2020-2-29 05:16,154.4951856
2020-2-29 07:26,139.3527352
2020-2-29 09:36,159.2843133
2020-2-29 09:50,37.0590122
2020-2-29 11:45,39.288837
2020-2-29 12:00,144.5715705
2020-2-29 14:24,147.4472762
2020-2-29 15:50,149.2144416
2020-2-29 18:00,151.9228627
2020-2-29 18:00,46.9228627
2020-2-29 20:09,172.1992433
2020-2-29 22:04,174.7229967
2020-3-1 00:28,160.4498966
2020-3-1 01:40,74.5927952
2020-3-1 03:21,59.4251238
2020-3-1 04:48,78.9536706
2020-3-1 05:02,166.7943613
2020-3-1 05:16,79.6357877
2020-3-1 05:45,185.3208392
2020-3-1 08:09,83.7893973
2020-3-1 10:04,174.1149571
2020-3-1 11:16,175.9031596
2020-3-1 13:26,179.1637414
2020-3-1 15:50,182.8475187
2020-3-1 15:50,77.8475187
2020-3-1 16:04,78.2193167
2020-3-1 16:33,183.9647397
2020-3-1 16:33,183.9647397
2020-3-1 18:57,205.2276247
2020-3-1 21:21,104.0478866
2020-3-1 23:02,211.7545416
2020-3-1 23:45,195.4224041
2020-3-2 00:28,91.5948621
2020-3-2 01:26,215.6651343
2020-3-2 01:26,215.6651343
2020-3-2 02:24,217.2432073
2020-3-2 04:19,115.4219052
2020-3-2 04:19,220.4219052
2020-3-2 05:45,100.3248106
2020-3-2 06:57,102.338999
2020-3-2 07:55,121.457742
2020-3-2 08:38,105.1759639
2020-3-2 10:19,108.0317889
2020-3-2 10:19,213.0317889
2020-3-2 12:00,128.4052567
2020-3-2 12:57,130.0546849
2020-3-2 13:55,114.2092385
2020-3-2 15:07,133.7842814
2020-3-2 15:36,134.6163357
2020-3-2 16:19,240.866507
2020-3-2 18:43,245.0506464
2020-3-2 19:26,141.310568
2020-3-2 20:09,125.0724699
2020-3-2 20:09,125.0724699
2020-3-2 21:21,232.1797576
2020-3-2 22:04,250.9464335
2020-3-2 22:48,234.714711
2020-3-3 01:12,256.4525299
2020-3-3 02:52,241.9268278
2020-3-3 04:04,139.0544134
2020-3-3 06:14,247.8888174
2020-3-3 08:09,268.800336
2020-3-3 08:38,164.6534288
2020-3-3 09:36,271.359648
2020-3-3 11:16,169.344973
2020-3-3 11:16,274.344973
2020-3-3 13:26,173.1802828
2020-3-3 15:36,264.5095481
2020-3-3 16:33,283.7087379
2020-3-3 17:31,285.405897
2020-3-3 18:43,182.524097
2020-3-3 18:43,270.024097
2020-3-3 20:09,272.5605085
2020-3-3 22:33,294.2724421
2020-3-3 22:33,189.2724421
2020-3-3 23:02,190.1122258
2020-3-3 23:31,295.9510666
2020-3-4 00:00,279.2889323
2020-3-4 01:12,176.3791211
2020-3-4 03:21,180.1239951
2020-3-4 05:02,183.0195794
2020-3-4 07:26,292.1272382
2020-3-4 09:36,208.2921246
2020-3-4 10:48,297.8139626
2020-3-4 12:43,301.0262927
2020-3-4 15:07,304.9998756
2020-3-4 15:21,217.8945426
2020-3-4 17:45,309.3128115
2020-3-4 19:40,312.4085055
2020-3-4 21:36,227.9675006
2020-3-5 00:00,319.2367143
2020-3-5 01:26,216.4677389
2020-3-5 02:24,217.9418899
2020-3-5 03:50,237.6327394
2020-3-5 06:00,345.8716345
2020-3-5 06:43,329.438249
2020-3-5 07:55,348.7010786
2020-3-5 09:21,350.7914207
2020-3-5 10:33,352.5119913
2020-3-5 12:57,250.8930466
2020-3-5 15:21,236.6912247
2020-3-5 16:33,360.8082177
2020-3-5 16:33,343.3082177
2020-3-5 17:16,256.7679135
2020-3-5 19:40,259.9087974
2020-3-5 19:55,260.2178901
2020-3-5 20:52,348.9450272
2020-3-5 22:33,351.0565016
2020-3-6 00:14,353.1212713
2020-3-6 00:43,266.2024876
2020-3-6 00:43,248.7024876
2020-3-6 01:55,355.1383465
2020-3-6 02:24,268.2057574
2020-3-6 04:04,252.6600951
2020-3-6 05:02,376.2545304
2020-3-6 06:28,272.8652801
2020-3-6 08:09,379.6969491
2020-3-6 09:50,276.4765948
2020-3-6 10:19,381.975391
2020-3-6 11:31,260.7033737
2020-3-6 13:40,385.3445281
2020-3-6 15:50,282.3952824
2020-3-6 16:33,265.5585016
2020-3-6 18:14,372.065946
2020-3-6 20:38,391.6209899
2020-3-6 21:21,392.2146648
2020-3-6 22:19,375.4896859
2020-3-6 22:48,375.8700729
2020-3-7 00:28,394.6637905
2020-3-7 00:28,394.6637905
2020-3-7 01:12,290.2002159
2020-3-7 01:40,395.5517909
2020-3-7 02:09,395.8985184
2020-3-7 03:07,379.077377
2020-3-7 03:07,274.077377
2020-3-7 05:16,398.0332104
2020-3-7 06:57,381.5964474
2020-3-7 07:55,399.6766725
2020-3-7 08:24,294.9592954
2020-3-7 08:38,400.0987305
2020-3-7 09:07,400.3738403
2020-3-7 11:02,296.4239817
2020-3-7 13:12,280.0086611
2020-3-7 14:09,385.4576796
2020-3-7 15:21,280.9902172
2020-3-7 15:21,385.9902172
2020-3-7 17:02,281.6819418
2020-3-7 18:28,404.7246861
2020-3-7 19:40,300.1414899
2020-3-7 19:55,282.7209728
2020-3-7 22:04,283.3780194
2020-3-7 22:48,406.0736799
2020-3-8 00:57,301.5904465
2020-3-8 02:24,284.3763643
2020-3-8 02:38,406.9194556
2020-3-8 03:21,284.540907
2020-3-8 05:16,284.80739
2020-3-8 06:00,389.8857984
2020-3-8 07:26,285.0073996
2020-3-8 09:50,285.1057909
2020-3-8 12:00,390.0830584
2020-3-8 13:40,389.9926562
2020-3-8 15:07,407.3646542
2020-3-8 16:33,389.6901505
2020-3-8 17:45,389.509309
2020-3-8 17:45,389.509309
2020-3-8 18:00,284.4692851
2020-3-8 19:55,284.1029555
2020-3-8 20:24,283.9985876
2020-3-8 21:07,301.3324762
2020-3-8 23:16,283.265549
2020-3-9 00:00,300.5538018
2020-3-9 01:12,387.6757115
2020-3-9 02:52,404.5937574
2020-3-9 05:02,403.7559449
2020-3-9 05:02,298.7559449
2020-3-9 06:28,385.6418587
2020-3-9 08:09,384.8697454
2020-3-9 09:50,296.5381755
2020-3-9 10:33,296.1637252
2020-3-9 12:57,382.3380246
2020-3-9 12:57,382.3380246
2020-3-9 12:57,382.3380246
2020-3-9 13:26,399.5586777
2020-3-9 15:50,275.5917318
2020-3-9 17:02,292.3147892
2020-3-9 19:26,378.1752401
2020-3-9 20:38,394.8131649
2020-3-9 20:38,394.8131649
2020-3-9 22:48,270.6914819
2020-3-9 23:16,287.8190294
2020-3-10 00:00,287.2521981
2020-3-10 01:12,286.2858978
2020-3-10 02:38,372.5911077
2020-3-10 04:19,371.1492974
2020-3-10 05:16,265.3025718
2020-3-10 05:16,282.8025718
2020-3-10 05:16,282.8025718
2020-3-10 06:14,386.9394508
2020-3-10 06:43,264.0017954
2020-3-10 09:07,384.2534465
2020-3-10 10:19,365.5923201
2020-3-10 10:48,260.1210843
2020-3-10 12:43,275.6979505
2020-3-10 14:52,378.4628218
2020-3-10 15:36,360.2012925
2020-3-10 17:45,252.8684158
2020-3-10 18:14,252.3403232
2020-3-10 19:55,250.4648944
2020-3-10 22:19,247.7143207
2020-3-10 23:31,368.8084463
2020-3-11 01:12,261.807
2020-3-11 01:55,260.937628
2020-3-11 03:21,364.1784853
2020-3-11 03:21,346.6784853
2020-3-11 03:50,346.0861628
2020-3-11 06:00,343.3849335
2020-3-11 06:57,342.1660585
2020-3-11 06:57,359.6660585
2020-3-11 09:21,339.0714586
2020-3-11 10:04,355.6302736
2020-3-11 12:14,230.272721
2020-3-11 13:26,333.6638949
2020-3-11 14:24,332.3662874
2020-3-11 14:38,227.0404521
2020-3-11 14:38,244.5404521
2020-3-11 17:02,223.7516155
2020-3-11 18:14,239.5871793
2020-3-11 18:57,238.5823895
2020-3-11 19:40,237.5731323
2020-3-11 21:21,235.2014147
2020-3-11 21:36,339.8607366
2020-3-11 21:36,322.3607366
2020-3-11 22:33,233.4935323
2020-3-11 22:33,338.4935323
2020-3-12 00:28,318.2383701
2020-3-12 00:57,230.0454408
2020-3-12 01:40,334.0030729
2020-3-12 03:36,331.2067318
2020-3-12 04:04,330.5040263
2020-3-12 05:16,328.7412793
2020-3-12 05:31,328.3877359
2020-3-12 07:55,219.8352702
2020-3-12 10:19,303.7546638
2020-3-12 10:33,215.8952117
2020-3-12 11:16,319.8154498
2020-3-12 12:43,300.1499718
2020-3-12 12:57,194.788335
2020-3-12 13:12,299.4265015
2020-3-12 13:40,298.7022619
2020-3-12 15:36,313.2982755
2020-3-12 16:33,189.3425205
2020-3-12 16:48,293.9782342
2020-3-12 17:45,292.5198192
2020-3-12 18:28,308.9247896
2020-3-12 18:43,186.0595695
2020-3-12 20:38,200.634609
2020-3-12 20:52,287.7686497
2020-3-12 22:33,285.2054331
2020-3-12 23:16,284.1063302
2020-3-13 00:28,282.2741201
2020-3-13 00:57,281.5412005
2020-3-13 02:24,191.8427399
2020-3-13 02:52,296.1101269
2020-3-13 03:21,277.87767
2020-3-13 05:16,292.4500558
2020-3-13 06:28,185.6227429
2020-3-13 08:24,165.2044072
2020-3-13 08:24,270.2044072
2020-3-13 10:19,162.294447
2020-3-13 12:00,264.7566866
2020-3-13 14:24,173.6477673
2020-3-13 16:48,152.5616806
2020-3-13 17:16,151.8475406
2020-3-13 18:28,150.0670542
2020-3-13 18:43,167.211821
2020-3-13 18:43,254.711821
2020-3-13 19:26,271.1479169
2020-3-13 19:40,270.7938933
2020-3-13 21:21,268.324665
2020-3-13 23:45,159.826212
2020-3-14 00:43,245.9371061
2020-3-14 01:26,139.8993463
2020-3-14 02:52,137.8347096
2020-3-14 04:33,240.4451693
2020-3-14 06:28,132.7410602
2020-3-14 06:57,237.0696958
2020-3-14 07:40,253.5662563
2020-3-14 09:50,128.0827716
2020-3-14 12:00,230.141429
2020-3-14 12:57,123.8483197
2020-3-14 14:24,121.925601
2020-3-14 16:04,224.7089467
2020-3-14 18:00,222.2119053
2020-3-14 19:26,237.8654159
2020-3-14 21:21,217.9397115
2020-3-14 22:04,234.5410354
2020-3-14 23:31,232.7620624
2020-3-15 01:26,230.4291052
2020-3-15 01:40,212.6406821
2020-3-15 03:07,210.9253454
2020-3-15 04:48,121.4576153
2020-3-15 06:00,225.0746456
2020-3-15 07:40,205.6707331
2020-3-15 09:07,204.0693228
2020-3-15 09:21,98.8051988
2020-3-15 10:04,220.5176358
2020-3-15 10:33,219.9966244
2020-3-15 11:16,201.7211987
2020-3-15 13:40,94.1899686
2020-3-15 15:07,110.211416
2020-3-15 15:21,92.4679623
2020-3-15 17:16,90.5512748
2020-3-15 18:00,194.8468284
2020-3-15 20:24,192.5559237
2020-3-15 20:24,87.5559237
2020-3-15 20:24,192.5559237
2020-3-15 21:50,208.7242171
2020-3-15 23:16,102.4251018
2020-3-16 00:28,206.3676622
2020-3-16 01:55,187.6292222
2020-3-16 04:04,98.3346035
2020-3-16 05:31,184.680671
2020-3-16 07:55,182.8338561
2020-3-16 10:04,76.2542508
2020-3-16 11:16,197.9107893
2020-3-16 13:40,91.2975364
2020-3-16 14:52,90.5279732
2020-3-16 15:50,89.9302075
2020-3-16 16:48,71.8483913
2020-3-16 16:48,176.8483913
2020-3-16 17:31,176.4225232
2020-3-16 18:43,175.7327831
2020-3-16 20:38,192.1814643
2020-3-16 22:33,191.1946939
2020-3-16 23:16,173.3413395
2020-3-16 23:31,173.2255805
2020-3-17 01:26,84.8359995
2020-3-17 02:38,189.312991
2020-3-17 04:04,171.2189017
2020-3-17 04:19,66.1234427
2020-3-17 06:43,187.7247484
2020-3-17 09:07,169.427622
2020-3-17 10:04,81.6371745
2020-3-17 12:14,63.5428899
2020-3-17 12:43,185.9219432
2020-3-17 13:12,63.305032
2020-3-17 15:36,185.2808671
2020-3-17 16:19,80.1431932
2020-3-17 16:33,62.5993046
2020-3-17 18:28,62.2841359
2020-3-17 19:12,184.6823755
2020-3-17 20:38,167.0056178
2020-3-17 22:19,79.3442979
2020-3-17 22:19,166.8442979
2020-3-18 00:00,184.2310288
2020-3-18 01:12,79.179352
2020-3-18 03:21,166.6472374
2020-3-18 04:19,184.157918
2020-3-18 05:16,166.6838439
2020-3-18 05:31,79.1926975
2020-3-18 07:12,184.2810963
2020-3-18 08:52,61.9153941
2020-3-18 09:07,184.4382981
2020-3-18 09:21,79.4621268
2020-3-18 10:19,79.566662
2020-3-18 12:43,79.8919982
2020-3-18 14:52,185.2618999
2020-3-18 16:48,63.1509676
2020-3-18 17:45,168.3664689
2020-3-18 19:55,186.4016847
2020-3-18 20:24,81.5299793
2020-3-18 20:52,169.161643
2020-3-18 22:04,169.5054312
2020-3-18 23:16,82.3699128
2020-3-19 00:14,187.6762195
2020-3-19 00:14,65.1762195
2020-3-19 00:57,187.9144477
2020-3-19 03:07,188.6721963
2020-3-19 03:36,83.8492424
2020-3-19 04:19,171.6206338
2020-3-19 06:28,172.476143
2020-3-19 07:12,85.2748771
2020-3-19 07:55,190.5802836
2020-3-19 08:24,173.2875634
2020-3-19 10:48,191.8673071
2020-3-19 10:48,69.3673071
2020-3-19 12:14,70.0491008
2020-3-19 12:57,70.3993248
2020-3-19 14:09,88.4966047
2020-3-19 15:07,88.9864521
2020-3-19 16:48,72.3688483
2020-3-19 16:48,194.8688483
2020-3-19 17:31,195.2566308
2020-3-19 17:45,90.3871535
2020-3-19 20:09,91.7263487
2020-3-19 20:24,196.8636033
2020-3-19 22:19,75.4828193
2020-3-19 22:48,198.2684004
2020-3-19 23:16,93.556246
2020-3-19 23:31,198.7010102
2020-3-20 00:28,76.7856117
2020-3-20 02:24,95.480805
2020-3-20 03:21,78.5910146
2020-3-20 03:21,78.5910146
2020-3-20 03:50,78.8991882
2020-3-20 06:00,185.3105352
2020-3-20 07:12,81.1114129
2020-3-20 07:40,81.4350082
2020-3-20 09:07,187.4165923
2020-3-20 09:21,82.5817314
2020-3-20 11:02,206.2496296
2020-3-20 12:28,207.266717
2020-3-20 12:28,102.266717
2020-3-20 14:24,103.6446047
2020-3-20 14:38,208.8185183
2020-3-20 15:50,192.1934497
2020-3-20 16:04,209.8694864
2020-3-20 16:04,209.8694864
2020-3-20 18:14,106.4688443
2020-3-20 18:14,193.9688443
2020-3-20 18:28,89.1481605
2020-3-20 18:57,107.0077197
2020-3-20 20:52,195.9578341
2020-3-20 22:19,92.0571547
2020-3-20 23:45,110.6657426
2020-3-21 00:43,198.9095976
2020-3-21 02:52,218.0960733
2020-3-21 04:48,219.6084632
2020-3-21 04:48,114.6084632
2020-3-21 06:14,98.2499014
2020-3-21 08:38,222.6637791
2020-3-21 08:38,222.6637791
2020-3-21 09:21,118.2403306
2020-3-21 09:21,118.2403306
2020-3-21 09:21,223.2403306
2020-3-21 10:19,101.5105161
2020-3-21 12:43,103.4419176
2020-3-21 13:12,121.3290029
2020-3-21 14:52,210.1852578
2020-3-21 17:16,124.6249144
2020-3-21 19:26,213.8703336
2020-3-21 20:52,215.0325772
2020-3-21 21:36,128.1130256
2020-3-21 22:33,216.3860608
2020-3-21 23:31,112.1578843
2020-3-22 00:28,217.9282896
2020-3-22 01:26,236.1970723
2020-3-22 03:50,238.1105972
2020-3-22 06:00,222.3204032
2020-3-22 08:24,136.7035831
2020-3-22 08:38,224.3908268
2020-3-22 10:48,121.0663139
2020-3-22 11:45,139.3050008
2020-3-22 12:14,227.172876
2020-3-22 12:57,227.7227855
2020-3-22 14:52,246.6774884
2020-3-22 16:04,142.5775106
2020-3-22 16:33,230.4354444
2020-3-22 18:43,144.5307115
2020-3-22 19:40,127.7312456
2020-3-22 20:52,251.0992029
2020-3-22 21:07,146.2717389
2020-3-22 22:48,252.4693066
2020-3-23 00:57,236.4817518
2020-3-23 01:40,254.4787763
2020-3-23 04:04,151.1085597
2020-3-23 04:04,256.1085597
2020-3-23 04:19,256.2691908
2020-3-23 05:16,151.907322
2020-3-23 07:26,135.8167398
2020-3-23 07:55,258.6248504
2020-3-23 09:21,154.5377414
2020-3-23 11:02,243.0805629
2020-3-23 11:02,138.0805629
2020-3-23 12:43,261.5987073
2020-3-23 12:43,156.5987073
2020-3-23 12:43,261.5987073
2020-3-23 14:38,262.7311043
2020-3-23 15:07,158.0088804
2020-3-23 15:50,263.4214849
2020-3-23 17:45,141.997541
2020-3-23 19:40,265.5375471
2020-3-23 20:09,143.2917969
2020-3-23 20:24,143.4180489
2020-3-23 20:52,266.1687959
2020-3-23 20:52,143.6687959
2020-3-23 23:02,249.7678169
2020-3-23 23:31,145.0054361
2020-3-23 23:45,250.1233336
2020-3-24 00:43,145.5888063
2020-3-24 02:52,146.5998583
2020-3-24 03:50,252.0328552
2020-3-24 06:00,252.9696071
2020-3-24 06:57,270.8690558
2020-3-24 09:21,254.3214429
2020-3-24 11:16,167.535081
2020-3-24 12:57,168.1237586
2020-3-24 14:52,256.2551257
2020-3-24 17:02,256.9119525
2020-3-24 17:45,169.6181949
2020-3-24 19:55,257.6984683
2020-3-24 22:04,170.7205878
2020-3-24 22:19,275.7749869
2020-3-24 22:33,170.8286601
2020-3-24 23:31,171.0360855
2020-3-25 00:43,276.2789652
2020-3-25 02:09,154.0462679
2020-3-25 04:19,154.3975818
2020-3-25 06:43,172.2177268
2020-3-25 08:24,259.8976849
2020-3-25 09:50,277.5229296
2020-3-25 12:00,172.660523
2020-3-25 14:09,155.2377554
2020-3-25 15:07,260.2527123
2020-3-25 16:19,155.2546618
2020-3-25 17:45,172.7324704
2020-3-25 19:12,155.1835684
2020-3-25 20:38,277.6080244
2020-3-25 23:02,154.9231446
2020-3-26 00:57,259.7224455
2020-3-26 03:07,171.9409643
2020-3-26 05:02,259.1416387
2020-3-26 06:43,171.3421311
2020-3-26 07:12,276.2501546
2020-3-26 07:12,258.7501546
2020-3-26 07:12,276.2501546
2020-3-26 09:36,258.2479445
2020-3-26 11:02,152.9130407
2020-3-26 12:57,274.9278042
2020-3-26 14:24,152.0351742
2020-3-26 15:07,169.3297263
2020-3-26 16:48,273.8269065
2020-3-26 18:57,255.6328117
2020-3-26 20:24,150.140788
2020-3-26 21:21,254.7999384
2020-3-26 23:31,148.9960584
2020-3-26 23:31,148.9960584
2020-3-27 01:12,270.8360298
2020-3-27 01:26,270.7392926
2020-3-27 03:21,269.9436978
2020-3-27 05:45,146.3959735
2020-3-27 05:45,268.8959735
2020-3-27 06:28,268.5703727
2020-3-27 08:09,145.2908247
2020-3-27 08:52,249.9483686
2020-3-27 10:33,144.1301799
2020-3-27 11:16,266.2714635
2020-3-27 11:16,143.7714635
2020-3-27 12:00,265.9079892
2020-3-27 13:12,160.2917799
2020-3-27 14:24,247.1627767
2020-3-27 15:07,246.7793468
2020-3-27 17:16,140.6026041
2020-3-27 19:40,244.2501495
2020-3-27 20:09,156.4741724
2020-3-27 21:21,138.2764614
2020-3-27 22:19,260.2104603
2020-3-28 00:28,241.4123523
2020-3-28 02:52,239.931846
2020-3-28 05:16,238.4135992
2020-3-28 06:14,150.2963077
2020-3-28 06:28,237.6411254
2020-3-28 07:26,132.0170348
2020-3-28 07:26,237.0170348
2020-3-28 08:38,253.7295593
2020-3-28 08:38,148.7295593
2020-3-28 09:36,253.0938977
2020-3-28 09:50,252.9342151
2020-3-28 11:31,146.8081524
2020-3-28 12:43,128.495297
2020-3-28 13:55,145.1757258
2020-3-28 13:55,250.1757258
2020-3-28 13:55,145.1757258
2020-3-28 14:09,127.5110361
2020-3-28 14:52,232.0154648
2020-3-28 16:19,231.0178185
2020-3-28 18:14,247.1750218
2020-3-28 20:09,228.3191484
2020-3-28 21:36,139.7945395
2020-3-28 21:36,139.7945395
2020-3-28 22:33,244.1081419
2020-3-28 23:16,121.0917295
2020-3-29 01:40,119.3614268
2020-3-29 02:24,118.8399597
2020-3-29 04:04,135.1196182
2020-3-29 06:00,116.2198513
2020-3-29 07:12,132.8428752
2020-3-29 07:12,132.8428752
2020-3-29 07:55,219.8160937
2020-3-29 09:21,131.2615647
2020-3-29 11:16,217.3544534
2020-3-29 11:31,129.6785448
2020-3-29 13:26,110.7717212
2020-3-29 15:50,231.515984
2020-3-29 17:02,125.6401265
2020-3-29 17:02,108.1401265
2020-3-29 18:28,212.0915475
2020-3-29 19:12,211.5684445
2020-3-29 20:24,123.1986392
2020-3-29 20:38,123.0250091
2020-3-29 20:38,105.5250091
2020-3-29 22:33,226.6404329
2020-3-30 00:14,102.936253
2020-3-30 02:38,223.7299015
2020-3-30 04:04,222.7150016
2020-3-30 04:19,117.5465578
2020-3-30 05:16,99.3749064
2020-3-30 07:40,202.7116238
2020-3-30 09:36,218.8987773
2020-3-30 11:02,112.9254476
2020-3-30 11:16,200.2642159
2020-3-30 12:14,217.12222
2020-3-30 13:12,198.9850415
2020-3-30 15:36,197.4143038
2020-3-30 17:45,108.5295092
2020-3-30 20:09,194.5253289
2020-3-30 20:09,212.0253289
2020-3-30 20:52,89.0815205
2020-3-30 21:07,211.4343714
2020-3-30 21:36,88.6412702
2020-3-30 21:36,193.6412702
2020-3-30 23:45,104.8425427
2020-3-31 01:55,86.0782461
2020-3-31 03:50,189.9847537
2020-3-31 05:02,84.3163783
2020-3-31 07:26,83.0156985
2020-3-31 07:26,205.5156985
2020-3-31 09:21,204.5110221
2020-3-31 11:02,81.1590409
2020-3-31 11:31,203.4203745
2020-3-31 11:45,185.8018442
2020-3-31 13:26,79.9873179
2020-3-31 13:40,79.8731507
2020-3-31 15:50,96.3708389
2020-3-31 18:00,77.9148671
2020-3-31 18:43,200.1067467
2020-3-31 19:40,182.2042516
2020-3-31 22:04,76.2403817
2020-4-1 00:00,93.0137712
2020-4-1 02:24,74.6624935
2020-4-1 04:33,196.4516722
2020-4-1 05:16,73.7265739
2020-4-1 07:40,90.5196775
2020-4-1 08:09,177.8863961
2020-4-1 09:50,72.4414187
2020-4-1 09:50,72.4414187
2020-4-1 10:48,89.702284
2020-4-1 11:31,72.0302142
2020-4-1 12:43,176.7573913
2020-4-1 15:07,193.7645682
2020-4-1 16:33,88.5030125
2020-4-1 18:28,193.1945043
2020-4-1 20:38,70.4028703
2020-4-1 22:19,192.716951
2020-4-1 23:02,87.6482894
2020-4-2 00:00,70.0670635
2020-4-2 00:00,87.5670635
2020-4-2 01:55,87.4401255
2020-4-2 03:07,87.3849193
2020-4-2 04:04,69.8541585
2020-4-2 05:31,69.8304075
2020-4-2 05:31,69.8304075
2020-4-2 07:26,192.3406212
2020-4-2 08:09,174.8568094
2020-4-2 10:33,174.9595057
2020-4-2 12:14,70.0760172
2020-4-2 14:38,87.8061625
2020-4-2 15:36,192.919174
2020-4-2 17:16,70.6456905
2020-4-2 19:40,71.0325532
2020-4-2 22:04,176.4934619
2020-4-2 23:02,71.6984422
2020-4-2 23:31,89.3053301
2020-4-3 01:40,194.8224502
2020-4-3 01:40,194.8224502
2020-4-3 01:55,177.383542
2020-4-3 01:55,89.883542
2020-4-3 03:21,90.2652695
2020-4-3 03:21,90.2652695
2020-4-3 05:02,90.7433198
2020-4-3 07:12,196.4092228
2020-4-3 08:09,179.2235207
2020-4-3 09:07,74.5490088
2020-4-3 09:50,74.8004257
2020-4-3 10:19,74.9714959
2020-4-3 10:19,179.9714959
2020-4-3 11:31,197.9112086
2020-4-3 13:26,198.6501902
2020-4-3 15:50,77.1343461
2020-4-3 17:31,200.3625071
2020-4-3 19:55,201.4576592
2020-4-3 22:19,185.1159779
2020-4-3 23:02,97.9755378
2020-4-4 00:28,98.7110614
2020-4-4 02:09,204.5963668
2020-4-4 03:36,82.8780428
2020-4-4 04:48,188.5452233
2020-4-4 05:16,83.8160519
2020-4-4 07:12,189.9215654
2020-4-4 09:21,191.2066947
2020-4-4 10:04,104.1445573
2020-4-4 10:19,86.7915468
2020-4-4 12:43,105.7893081
2020-4-4 13:55,194.0567272
2020-4-4 15:07,107.33611
2020-4-4 15:21,194.9933951
2020-4-4 17:02,196.107247
2020-4-4 18:14,109.4163014
2020-4-4 19:40,215.4014548
2020-4-4 21:07,198.9016666
2020-4-4 23:02,112.7577227
2020-4-5 01:26,114.4869131
2020-4-5 03:07,203.2185365
2020-4-5 04:19,221.6083324
2020-4-5 06:00,205.3673762
2020-4-5 07:55,119.3241602
2020-4-5 10:04,103.4840254
2020-4-5 11:02,104.2283284
2020-4-5 11:31,227.1019086
2020-4-5 13:55,106.4831103
2020-4-5 15:21,230.1215798
2020-4-5 15:21,107.6215798
2020-4-5 15:21,125.1215798
2020-4-5 16:33,231.0752857
2020-4-5 18:57,127.9946178
2020-4-5 21:07,234.7334115
2020-4-5 21:36,130.1210274
2020-4-5 22:48,236.0916978
2020-4-6 01:12,238.0386344
2020-4-6 03:07,222.0997282
2020-4-6 04:33,118.2714967
2020-4-6 06:14,224.6385183
2020-4-6 07:26,225.6143288
2020-4-6 09:07,226.9786764
2020-4-6 09:21,139.6733534
2020-4-6 09:50,227.562503
2020-4-6 10:33,140.6456611
2020-4-6 11:31,228.9220066
2020-4-6 13:40,143.1627064
2020-4-6 15:36,144.7013022
2020-4-6 15:36,144.7013022
2020-4-6 16:19,145.2757894
2020-4-6 16:33,232.9669566
2020-4-6 17:02,128.3487765
2020-4-6 19:12,130.0578104
2020-4-6 20:24,148.5001588
2020-4-6 22:04,132.3099008
2020-4-6 22:33,237.6819235
2020-4-7 00:57,152.02614
2020-4-7 02:52,240.9808002
2020-4-7 05:02,155.0929436
2020-4-7 05:16,155.2703775
2020-4-7 07:40,139.5248554
2020-4-7 08:24,245.0438515
2020-4-7 09:21,158.2303058
2020-4-7 09:50,263.5710987
2020-4-7 10:19,246.4102326
2020-4-7 12:14,142.7496553
2020-4-7 12:57,160.7446435
2020-4-7 12:57,265.7446435
2020-4-7 13:26,248.5723534
2020-4-7 14:52,162.0442432
2020-4-7 17:02,163.4692234
2020-4-7 17:16,268.625035
2020-4-7 18:00,146.5893618
2020-4-7 18:57,269.701096
2020-4-7 20:24,270.6024951
2020-4-7 22:19,254.2730624
2020-4-8 00:43,168.1837367
2020-4-8 02:24,151.6349604
2020-4-8 03:07,257.0331876
2020-4-8 05:02,153.0666515
2020-4-8 05:45,170.9432963
2020-4-8 07:40,154.417795
2020-4-8 08:24,172.2718046
2020-4-8 10:33,155.7954167
2020-4-8 12:57,279.3632555
2020-4-8 14:24,262.4677566
2020-4-8 14:38,175.065814
2020-4-8 16:33,263.3221136
2020-4-8 16:33,263.3221136
2020-4-8 18:14,281.4420903
2020-4-8 20:24,159.680458
2020-4-8 20:52,159.8354037
2020-4-8 22:04,160.2080102
2020-4-8 23:45,178.1937836
2020-4-8 23:45,178.1937836
2020-4-9 00:00,160.7597236
2020-4-9 00:57,266.0147504
2020-4-9 02:24,283.8708537
2020-4-9 04:48,179.3927093
2020-4-9 06:57,267.2843187
2020-4-9 08:24,285.0035573
2020-4-9 09:50,162.6888459
2020-4-9 12:14,267.9211416
2020-4-9 13:55,163.0260401
2020-4-9 13:55,163.0260401
2020-4-9 16:19,285.5921894
2020-4-9 16:48,180.5934823
2020-4-9 17:31,163.0879054
2020-4-9 19:55,163.0037059
2020-4-9 21:36,285.3841676
2020-4-9 23:45,285.1563519
2020-4-10 02:09,162.3044654
2020-4-10 02:52,162.1784752
2020-4-10 04:48,284.2961156
2020-4-10 05:16,179.1899445
2020-4-10 07:40,178.5952721
2020-4-10 09:21,265.6154396
2020-4-10 09:21,265.6154396
2020-4-10 10:04,177.8937062
2020-4-10 10:48,265.162296
2020-4-10 11:02,265.0830056
2020-4-10 12:57,176.9098618
2020-4-10 13:12,264.3208589
2020-4-10 14:52,263.6675419
2020-4-10 15:21,263.471131
2020-4-10 15:36,263.3712998
2020-4-10 15:36,280.8712998
2020-4-10 18:00,157.3133051
2020-4-10 18:00,262.3133051
2020-4-10 18:57,279.3597016
2020-4-10 19:55,261.3887129
2020-4-10 22:04,155.2654222
2020-4-11 00:00,171.6930887
2020-4-11 00:14,259.0541639
2020-4-11 00:57,153.6308837
2020-4-11 01:55,153.0513411
2020-4-11 01:55,258.0513411
2020-4-11 02:09,170.4037482
2020-4-11 02:38,257.6053179
2020-4-11 03:36,169.4954842
2020-4-11 06:00,255.3953948
2020-4-11 06:57,167.2252421
2020-4-11 07:12,272.0550224
2020-4-11 09:07,253.1547459
2020-4-11 11:31,146.3085267
2020-4-11 13:26,249.7553674
2020-4-11 14:52,248.5463715
2020-4-11 14:52,266.0463715
2020-4-11 15:07,248.3412127
2020-4-11 16:04,247.5101615
2020-4-11 17:31,141.2324634
2020-4-11 18:43,157.6393511
2020-4-11 19:12,262.1949246
2020-4-11 19:12,157.1949246
2020-4-11 21:21,155.1445672
2020-4-11 23:02,240.993256
2020-4-12 00:43,239.2929882
2020-4-12 01:12,133.79828
2020-4-12 01:55,150.5488362
2020-4-12 04:19,130.4872674
2020-4-12 05:31,146.6702888
2020-4-12 07:12,144.7865503
2020-4-12 09:36,229.5158187
2020-4-12 11:45,139.4435273
2020-4-12 12:14,226.3619547
2020-4-12 12:57,137.982887
2020-4-12 13:12,137.6880841
2020-4-12 15:07,117.7979523
2020-4-12 17:02,220.3522972
2020-4-12 18:28,218.4823627
2020-4-12 20:38,110.621392
2020-4-12 21:50,109.0034946
2020-4-12 23:31,229.2050565
2020-4-13 01:40,226.1940772
2020-4-13 03:50,100.6221769
2020-4-13 05:16,221.041443
2020-4-13 06:00,97.4914759
2020-4-13 07:55,217.1610343
2020-4-13 08:24,198.9466185
2020-4-13 09:50,91.7874391
2020-4-13 12:14,105.6372296
2020-4-13 13:12,209.1596983
2020-4-13 15:21,188.3002807
2020-4-13 17:45,184.5132604
2020-4-13 20:09,75.6723751
2020-4-13 20:24,75.2854585
2020-4-13 22:48,71.3893887
2020-4-13 22:48,71.3893887
2020-4-13 22:48,193.8893887
2020-4-13 23:31,192.7113559
2020-4-14 00:28,191.1343217
2020-4-14 02:24,187.9594514
2020-4-14 02:24,187.9594514
2020-4-14 03:36,168.4617578
2020-4-14 05:31,165.245374
2020-4-14 07:55,56.1927758
2020-4-14 08:24,177.8782803
2020-4-14 08:52,54.5625325
2020-4-14 09:36,70.8366295
2020-4-14 10:04,52.517885
2020-4-14 10:19,174.6080819
2020-4-14 12:43,170.495192
2020-4-14 15:07,43.8580541
2020-4-14 15:21,148.4431599
2020-4-14 16:19,41.7816378
2020-4-14 18:43,37.6156235
2020-4-14 20:24,157.1907239
2020-4-14 21:21,33.0167663
2020-4-14 22:33,48.4221654
2020-4-14 23:02,47.5837607
2020-4-15 01:12,131.3080293
2020-4-15 02:09,42.1289351
2020-4-15 03:50,126.6901139
2020-4-15 04:04,38.7703057
2020-4-15 04:48,125.0110106
2020-4-15 06:43,16.654554
2020-4-15 08:09,136.6397914
2020-4-15 09:07,117.4650099
2020-4-15 11:02,131.6207921
2020-4-15 11:16,8.7033478
2020-4-15 12:43,23.7018334
2020-4-15 12:57,110.785479
2020-4-15 13:12,22.8692968
